"year","species","stock","pe","B","B_lwr","B_upr","F","F_lwr","F_upr"
1977,"Cod","3LNO",0.00359022215526331,470.904836914821,237.224344336355,934.774911277053,0.191221225481462,0.096330142062736,0.379585831512824
1978,"Cod","3LNO",0.0621897712896463,455.105178234463,229.691713634667,901.733545273886,0.178833385978461,0.0902572610574001,0.354335812607723
1979,"Cod","3LNO",1.08412636341435,618.4522210319,311.849782385195,1226.49804907303,0.170058407785353,0.0857506459790039,0.337255325931544
1980,"Cod","3LNO",0.012014210839669,596.634963211503,302.794241330534,1175.62763995174,0.15381599413152,0.0780621319891455,0.303083703298771
1981,"Cod","3LNO",0.227265863990672,625.797369532569,299.251439989969,1308.67322719319,0.166179989023728,0.0794659796189503,0.347517124741274
1982,"Cod","3LNO",0.17552431547182,636.003575618074,333.564601492503,1212.66029545424,0.195827515401881,0.102705597327525,0.373381945934089
1983,"Cod","3LNO",0.414422303252955,674.024380065003,336.58746325913,1349.74981100901,0.198598157513369,0.0991739349827601,0.397697521778893
1984,"Cod","3LNO",0.493241287384034,722.05419335495,360.002309291253,1448.21920494868,0.194022832758665,0.0967360462568679,0.389150281496274
1985,"Cod","3LNO",0.57110981381676,787.05078118923,416.853099535761,1486.01253741532,0.183271528912084,0.0970678216826415,0.346030772376746
1986,"Cod","3LNO",0.349305085071118,800.37799388101,423.072861222078,1514.17165175416,0.243132621695906,0.128517793722105,0.459963325082798
1987,"Cod","3LNO",0.819310851011919,884.458783022561,429.442291584125,1821.58896363031,0.168340235698922,0.0817363318359549,0.346705489696358
1988,"Cod","3LNO",-0.0815260526370202,797.929779159337,406.39485646525,1566.68304812492,0.224465867395876,0.114323059928659,0.440724081888854
1989,"Cod","3LNO",-0.654245784957241,574.961264925601,298.171944356643,1108.69068140576,0.294070244926636,0.152503311190112,0.567052008748902
1990,"Cod","3LNO",-0.343124345217319,436.973179134382,214.70278364394,889.348316971382,0.34439642336428,0.169216039574338,0.700931759923402
1991,"Cod","3LNO",-0.951330915390391,265.646961209905,132.347742036014,533.203717074779,0.445286478946515,0.221845790289963,0.893774220702698
1992,"Cod","3LNO",-1.69378662120687,116.27643011216,52.4329523695202,257.857083925861,0.327400832337893,0.147636044821424,0.726051047663871
1993,"Cod","3LNO",-1.46786261216356,65.8709515558988,27.156645533383,159.776075934922,0.204536289240739,0.084324263949802,0.496121657714977
1994,"Cod","3LNO",-2.23223987511808,33.762054418684,15.4721138921812,73.6729529341308,0.0834368656914748,0.0382365561282525,0.182069497395799
1995,"Cod","3LNO",-1.80707548800781,22.4642231100279,10.637596214397,47.4394129807379,0.0132210225363823,0.0062606170974458,0.0279198414767838
1996,"Cod","3LNO",0.661566567140731,34.5237962251663,14.4988573774003,82.2059611162628,0.0113544871323927,0.00476851063690624,0.0270366132858869
1997,"Cod","3LNO",0.484251196630404,49.4916195554111,19.8448793055191,123.428334761217,0.0164876398737851,0.00661112378756974,0.0411189197695478
1998,"Cod","3LNO",-0.538524647720808,50.7768836212902,20.6511644415175,124.849710900882,0.0505741947291005,0.0205687300472704,0.124351341410911
1999,"Cod","3LNO",2.03222842730826,112.502199980284,44.1358020514995,286.768211114312,0.0504434580034393,0.0197895016952832,0.128580420797116
2000,"Cod","3LNO",-0.0791619371574349,125.791331143502,49.6040973159981,318.994999345567,0.031592002118703,0.0124578755408481,0.0801143497216372
2001,"Cod","3LNO",-0.957946698216692,107.710499864382,42.7197087370017,271.573756564176,0.0441089773604428,0.0174943266245878,0.111213305063687
2002,"Cod","3LNO",-1.51027960168646,76.7512389435466,30.8043635219291,191.231111630528,0.0550479713181913,0.0220936853003448,0.137155893417252
2003,"Cod","3LNO",-1.08164361585701,62.3548992186789,25.0949040013306,154.93717195991,0.0409270166735436,0.01647119259838,0.101693953476159
2004,"Cod","3LNO",-0.708400123770749,57.7671500057541,23.4136923971494,142.525303706201,0.0228157352382577,0.0092474807330837,0.0562918474217448
2005,"Cod","3LNO",0.434113869270266,77.9407328005289,31.3000161737552,194.081619503349,0.0168589638919982,0.00677034746186938,0.0419808089780406
2006,"Cod","3LNO",0.196754155820358,97.5078885680994,39.0372535546465,243.556794273434,0.0160807502144292,0.00643792346125091,0.0401667601386206
2007,"Cod","3LNO",1.07669249557541,160.49131941906,63.221643881881,407.415277859497,0.0129103555725016,0.00508571993393572,0.0327735862716759
2008,"Cod","3LNO",0.0952683354683113,192.141819184088,75.8212687714863,486.91454624213,0.0124803648168987,0.00492488880956031,0.0316270096617244
2009,"Cod","3LNO",0.0262549869314905,224.338280855564,85.6899475687831,587.322850405903,0.0104039310237146,0.00397396423174572,0.0272377340192267
2010,"Cod","3LNO",-1.7897106285964,149.495727527814,60.8129253177794,367.503658675937,0.0162680234426601,0.00661762119256757,0.0399914983088139
2011,"Cod","3LNO",-0.154893486755246,165.824503727338,67.1609233364906,409.431030283014,0.0167164679386464,0.00677037106367802,0.0412740007476027
2012,"Cod","3LNO",0.637344946594016,234.147615232011,92.5185476033046,592.58502364211,0.0103182772013546,0.00407705207457139,0.0261136827434773
2013,"Cod","3LNO",0.287790380088562,294.869352215337,115.382903499311,753.559948995494,0.0107030451835335,0.00418812067202748,0.0273524058095734
2014,"Cod","3LNO",-0.787041470895687,262.667027775527,97.7328517439939,705.944482835264,0.011436532500635,0.00425529212713034,0.0307368499577687
2015,"Cod","3LNO",-1.37191935306594,195.982831728686,78.4426244998876,489.647950680814,0.0135981298795058,0.00544268590585244,0.0339738760271059
2016,"Cod","3LNO",-1.08309342290856,162.088428667798,64.0526428490599,410.172906837073,0.00700235056461801,0.0027671257196196,0.017719799675942
2017,"Cod","3LNO",-0.535458571499522,162.046051341985,65.0999213133629,403.363356295475,0.0419633798150943,0.0168582492531097,0.104454811354805
2018,"Cod","3LNO",-0.401899961187306,163.177670186188,64.3775179270842,413.606378511684,0.0309601184661823,0.0122145118220349,0.0784746004920854
1977,"Haddock","3LNO",-0.0164261434439301,8.44683868140535,2.09564841187651,34.0463043826122,0.0162190856446197,0.00402393159799062,0.0653735613395787
1978,"Haddock","3LNO",-0.0929021797759049,8.95734380949452,2.45722720855507,32.6522544769761,0.0540338754762293,0.0148228662232582,0.19696998239109
1979,"Haddock","3LNO",0.733849861317893,11.9319733862691,3.56186770728941,39.9711613655014,0.0716562107810185,0.0213904217638755,0.240042604123177
1980,"Haddock","3LNO",0.201763517229665,13.0925593195036,4.01187531940716,42.7269284031616,0.0137482669054521,0.00421279990692429,0.0448667981104156
1981,"Haddock","3LNO",0.260265807041037,15.4561173391128,4.98903935409323,47.8832789732207,0.00802271342015561,0.00258963050691137,0.0248544842401904
1982,"Haddock","3LNO",0.216635361707063,18.0778491405664,6.76090337226253,48.338012178942,0.0533249277889371,0.0199428970399399,0.14258449602385
1983,"Haddock","3LNO",0.667180405995567,23.2907728983329,8.98576063280985,60.3688573921082,0.0237003727789348,0.00914378744018039,0.0614305257569931
1984,"Haddock","3LNO",0.713377103411633,31.0759692367561,13.3584582328318,72.2924642329099,0.091871631685848,0.0394923596849851,0.213722268710854
1985,"Haddock","3LNO",0.766602453006247,39.137166786547,18.7206681525975,81.81961303905,0.102536804002364,0.0490469198147481,0.214362007129707
1986,"Haddock","3LNO",0.240019808248112,41.0749916942472,19.9468048835048,84.5827165070274,0.178673194985159,0.0867671352147959,0.367928600237578
1987,"Haddock","3LNO",0.688828482862316,45.8375968193511,20.7934084162288,101.04573719302,0.123479422848157,0.0560142382769512,0.272201646151599
1988,"Haddock","3LNO",-0.090154590675825,42.4931282111783,19.2664721140943,93.7206321156589,0.194078439201154,0.0879955652648878,0.428049305091352
1989,"Haddock","3LNO",-1.11086983076859,27.0213718326055,12.3036867099948,59.344369937735,0.247951881995695,0.11290034769987,0.544552227143212
1990,"Haddock","3LNO",-0.719284216492258,18.8115414825576,7.90810665287111,44.7482701591419,0.168673045903339,0.0709077689196834,0.401233840068155
1991,"Haddock","3LNO",-0.909004409524394,13.7428732077317,5.47102389413805,34.5212464171748,0.092193239422975,0.0367020351666575,0.231583708007112
1992,"Haddock","3LNO",-1.95891158372713,7.99920769791363,3.3325739106546,19.2005715431505,0.12538741808912,0.0522380283183707,0.300968568706998
1993,"Haddock","3LNO",-0.774798641823503,6.68227024930317,2.73371973213251,16.3340576430963,0.12974632387704,0.0530792788261307,0.317150287869368
1994,"Haddock","3LNO",-1.70790862941007,4.20020687289071,1.64262051112127,10.7399960341637,0.0042855032013249,0.00167597827250051,0.0109581001078046
1995,"Haddock","3LNO",-1.72005645938703,2.97685406187129,1.13781519532669,7.78831232178725,0.00906997771433492,0.00346673308471072,0.0237296883631861
1996,"Haddock","3LNO",0.801779689427379,4.60343602592767,1.76258866715933,12.0230111764885,0.0149888039306673,0.00573899491459611,0.0391469667799484
1997,"Haddock","3LNO",0.730161405752025,6.84326447363867,2.50448176905433,18.6985863641754,0.0490993737410449,0.0179692728346429,0.134159491257495
1998,"Haddock","3LNO",-0.172744847345219,7.41469342689863,2.5673157428167,21.414459350674,0.0133518669350311,0.00462304456903713,0.0385616768319206
1999,"Haddock","3LNO",2.04661170200277,16.3855068050287,4.97925187922818,53.9207173627174,0.00457721576100304,0.00139093104966473,0.0150625037293003
2000,"Haddock","3LNO",0.239882337253803,20.509949223347,5.98002145176971,70.343897682806,0.00424184375361425,0.00123678105515705,0.0145484427943404
2001,"Haddock","3LNO",-0.61816629768456,19.5677606005898,5.73858411064711,66.7232975136822,0.00776787917138653,0.00227806486885381,0.0264873698928601
2002,"Haddock","3LNO",-1.23574406906573,15.3712734288459,4.68505877876991,50.4318212388316,0.0208180539811025,0.00634520015615866,0.0683022380530343
2003,"Haddock","3LNO",-1.0285394947823,12.7908103398598,4.04590009039974,40.4371896227668,0.0214998106213038,0.00680067043643337,0.0679700422293002
2004,"Haddock","3LNO",-0.671419621589801,11.8904121286078,3.74032397672085,37.7993728532825,0.00563479207241277,0.0017725161806271,0.0179128868025863
2005,"Haddock","3LNO",0.0643941454491256,14.1102650694038,4.36976320818885,45.5630135646088,0.0036143899316666,0.00111932894710051,0.0116711129574314
2006,"Haddock","3LNO",-0.329190395012704,14.779557923533,4.5508544611442,47.9987515048211,0.00216515271739268,0.000666684007328521,0.00703164653434212
2007,"Haddock","3LNO",0.853377410907061,22.3129043590477,6.65849401092719,74.7715174210516,0.00210640440364465,0.000628581599265061,0.00705865319137763
2008,"Haddock","3LNO",-0.147317626012368,24.4536544794605,7.29662385732123,81.9531373815907,0.00261719572646109,0.000780934105084993,0.0087711798293925
2009,"Haddock","3LNO",-0.541982564511977,23.6419829448721,7.22438946855633,77.3689403095423,0.00448354946567591,0.00137005883208312,0.0146725201432395
2010,"Haddock","3LNO",-1.04128005096282,19.629072430581,6.20627072256749,62.0824488180882,0.00168117979678896,0.000531551197290807,0.00531720278975329
2011,"Haddock","3LNO",-0.0591758277297903,22.1924963174815,6.87156906330443,71.6731343691963,0.00468626866091116,0.00145103183940979,0.0151348256914685
2012,"Haddock","3LNO",0.280468829838299,27.6690848752028,8.20849715198696,93.2665558208618,0.00112038400040409,0.000332380666651206,0.00377657437482281
2013,"Haddock","3LNO",0.150912956900304,32.946323237461,9.49136566552239,114.362911842099,0.00582766090820386,0.0016788659619396,0.0202289119149044
2014,"Haddock","3LNO",-0.851329659055272,28.414647951193,8.10703702894169,99.5915295943375,0.0079184510885539,0.00225922827891573,0.0277536662527582
2015,"Haddock","3LNO",-1.54410702062209,19.8484592314619,5.8687603703098,67.1285431683438,0.011235129004196,0.00332198479923458,0.0379978029309498
2016,"Haddock","3LNO",-1.61815859710982,13.6753882762788,4.07571385275729,45.8855187737147,0.0250084306997872,0.00745333188203842,0.0839116808381019
2017,"Haddock","3LNO",-0.393648884511187,13.72246890296,3.90406794833581,48.2333184987143,0.0349062550906331,0.00993089455399524,0.122692536692192
2018,"Haddock","3LNO",-0.441492135202542,13.3928293402875,3.57940848657856,50.1110388519859,0.00291200604510672,0.000778271632228482,0.0108956550073107
1977,"Hake","3LNO",-0.0255629959481307,15.3375160767863,7.55145572336275,31.1515299861844,0.204857160981594,0.100861819672853,0.416078715826838
1978,"Hake","3LNO",-0.259812069464819,13.0443394940834,6.12540994634591,27.7785151242669,0.199473495854673,0.0936695135920684,0.424787895470117
1979,"Hake","3LNO",0.587715476989369,14.3579744995122,6.53183263725082,31.56104009049,0.110461263185408,0.0502518293266861,0.242810875305515
1980,"Hake","3LNO",0.255878944465825,15.4846193056919,7.14826571203449,33.5428822460438,0.170039698620951,0.0784965340988414,0.368341092241045
1981,"Hake","3LNO",0.199990456507849,15.4840437727484,6.6085352826669,36.27969002227,0.110694597945829,0.0472440640740832,0.259361556939181
1982,"Hake","3LNO",0.150035114343973,16.1983915988316,7.38440647513532,35.5326987040335,0.120567525984547,0.0549634582013413,0.264476231986432
1983,"Hake","3LNO",0.884231546327776,20.6815475008131,9.73430824206351,43.9400927515437,0.141237013327226,0.0664768737862388,0.300072683889122
1984,"Hake","3LNO",0.927304764955684,25.9598728361614,12.9493732255089,52.0422869843718,0.167219617268429,0.0834129368930999,0.335228580133029
1985,"Hake","3LNO",0.974657552700405,31.8205378428463,17.5414525414082,57.723077733603,0.194842715438068,0.10740938015491,0.353448494950137
1986,"Hake","3LNO",0.232918875747637,30.300998461519,16.2830380521646,56.3869288288573,0.156529495423176,0.0841152390901747,0.291284708959425
1987,"Hake","3LNO",0.702559206209267,34.5703929548468,18.4327774314338,64.8362447546549,0.235635157825359,0.125639602213624,0.441930144835821
1988,"Hake","3LNO",0.0426241304267558,29.7607076871694,14.6452196687196,60.477052722732,0.0974103180096699,0.0479355370257706,0.197948550146497
1989,"Hake","3LNO",-1.12918295799231,21.7096556320826,10.9181578946821,43.1674603179331,0.0971917765881939,0.0488794101960046,0.193256043771607
1990,"Hake","3LNO",-0.97017974570068,17.1369733874722,9.25550299828004,31.7298645937993,0.128494101625305,0.0693983421672186,0.237912515441808
1991,"Hake","3LNO",-1.06965639826548,13.0467837423992,7.21842343138212,23.5811278791025,0.194147465767238,0.107416405737095,0.35090764958284
1992,"Hake","3LNO",-2.09245750046886,7.14738683698335,3.90890024042857,13.0689287153263,0.237849166244024,0.130079521973853,0.434904933724687
1993,"Hake","3LNO",-0.461154776532947,6.15867068849752,3.18558121699713,11.9065319844874,0.165944901374379,0.0858352374420636,0.320820575707495
1994,"Hake","3LNO",-1.65886418746342,4.0876164630545,2.00336123124192,8.34028735730114,0.072658480237665,0.0356102838279312,0.14825084731019
1995,"Hake","3LNO",-1.77107447454798,2.89710644388034,1.37998865897354,6.08209762637907,0.103551597364916,0.0493250878938296,0.217393090913621
1996,"Hake","3LNO",0.896236410293306,4.29057026790611,2.14999475925862,8.56234330086825,0.10348274757814,0.0518549635769658,0.206512131291475
1997,"Hake","3LNO",0.479775661367703,5.56724658034364,2.77706699834662,11.1607802421767,0.0996902134637878,0.0497277061242231,0.199851138028154
1998,"Hake","3LNO",-0.0954856360748224,6.09761960240922,3.01194659762905,12.3444966935846,0.0872471611364216,0.0430961272221393,0.176629957655551
1999,"Hake","3LNO",2.1273140201401,12.6638918367384,6.63280268184272,24.1789427705476,0.0473788001141465,0.0248149807745466,0.0904594978594039
2000,"Hake","3LNO",0.6016538676073,17.319258098558,9.30874181044499,32.2231196430754,0.0497711850643169,0.0267509790966264,0.0926011288692939
2001,"Hake","3LNO",-0.218209349543729,18.592377375946,10.3463470780118,33.4104871877174,0.0476001525843044,0.0264886888666907,0.0855374359014899
2002,"Hake","3LNO",-0.818448285228555,16.8529617865761,10.1755298012747,27.9122882568939,0.335133970605619,0.202348153903327,0.555057093861834
2003,"Hake","3LNO",-0.451744126480208,12.7955212436255,7.56859787270468,21.6321922038599,0.496736309446278,0.293821353846231,0.839785665310905
2004,"Hake","3LNO",-0.434111702569747,7.92498334084567,3.93958102490616,15.9421422114748,0.265994249998645,0.132228151777665,0.535082280748424
2005,"Hake","3LNO",0.0579912484648875,7.50607009274874,3.57843937562324,15.7445976648534,0.140286459757051,0.0668800830872044,0.294262355588071
2006,"Hake","3LNO",-0.671941340289107,6.50234341662748,3.08120459400827,13.7220585708517,0.195929362442191,0.0928432125123139,0.413474652893037
2007,"Hake","3LNO",0.822252807063699,8.13680235704631,3.87544144164623,17.0838738230323,0.0932798864584342,0.044427862665242,0.195848656579775
2008,"Hake","3LNO",-0.116553941418518,8.4799729561213,4.10519352375209,17.5168212949006,0.110023935787025,0.053263088336216,0.227273085812347
2009,"Hake","3LNO",-0.669921365101006,7.4023674530973,3.57461753639436,15.3289249417001,0.0667354063588535,0.0322266565906487,0.138196602845038
2010,"Hake","3LNO",-0.351927274992715,7.3880902609126,3.59473327824514,15.1844027020659,0.0387109509900157,0.0188351169032872,0.079560840224457
2011,"Hake","3LNO",0.258327231797103,9.03526433443189,4.49374765576615,18.1665745045354,0.0193685534282715,0.0096330763929276,0.0389429966712636
2012,"Hake","3LNO",0.342428560586834,11.4640904832657,5.76989155701141,22.7777886828392,0.0131715638689712,0.00662926511886395,0.0261703358733855
2013,"Hake","3LNO",0.404417745228685,14.7332515143381,7.48080647482575,29.0167511905596,0.0158824411415414,0.00806430735347555,0.0312800499234209
2014,"Hake","3LNO",-0.732796856561294,13.5345049572431,6.75938460418303,27.1005180448343,0.0233477324067838,0.0116602937064605,0.0467498179944435
2015,"Hake","3LNO",-1.59263318096222,9.72881942542923,4.92652723484413,19.2123016682366,0.0422456191267901,0.0213925435430518,0.0834259064058546
2016,"Hake","3LNO",-1.92239955577418,6.34604365638511,3.1613595661849,12.7389084492359,0.0704375866608242,0.0350893486503399,0.141394862128712
2017,"Hake","3LNO",-0.140815239455627,6.76575448043239,3.30409902228115,13.8541349338518,0.073753784805994,0.0360181276119032,0.15102452942088
2018,"Hake","3LNO",-0.359953361177224,6.72228787528606,3.24342155565583,13.9325565618869,0.0398673792274324,0.0192355221247137,0.0826287904304839
1977,"Plaice","3LNO",0.00448968660211809,835.325011864368,362.132939243936,1926.82796793634,0.0526513624940291,0.0228255976827575,0.121449874435128
1978,"Plaice","3LNO",-0.722543368391245,693.850578297468,305.290294410495,1576.95358751366,0.0721019792514346,0.0317244593602009,0.163870260260328
1979,"Plaice","3LNO",0.405429190881307,723.494428938478,315.490169518475,1659.14579685299,0.0671311319857171,0.0292734972972984,0.153947744470548
1980,"Plaice","3LNO",0.255687633621301,729.625838738235,315.795481090719,1685.75516887002,0.0672755779659421,0.0291181073660317,0.155436043069594
1981,"Plaice","3LNO",-0.0120948649220948,695.08653842008,290.487843110837,1663.22036309266,0.0721607990193685,0.0301571584337353,0.17266815527582
1982,"Plaice","3LNO",-0.0501950892056091,653.668462807374,282.201474040511,1514.10427858934,0.0770069276155878,0.0332453984258588,0.178372562266539
1983,"Plaice","3LNO",0.742197525429665,725.074031891303,284.356946670776,1848.8465215228,0.0520222740588435,0.0204019098183076,0.132650179436874
1984,"Plaice","3LNO",0.773572689743963,827.427381914003,305.766334968636,2239.08257399,0.0435844894528135,0.0161061500897381,0.117943003776721
1985,"Plaice","3LNO",0.809700020372291,954.493581968812,340.109006977565,2678.72352489551,0.050373308850149,0.0179492207960788,0.141369381620557
1986,"Plaice","3LNO",-0.119770921670396,890.711381697676,315.586232643466,2513.9460579134,0.064497884702566,0.0228521211977329,0.182038993015589
1987,"Plaice","3LNO",0.425841675815906,923.077047204074,311.12238506568,2738.70115419408,0.0579117422125455,0.0195191066824269,0.171819845070662
1988,"Plaice","3LNO",-0.216687146433462,837.82255336191,275.071054215632,2551.87385282498,0.0464632992317938,0.0152546725446111,0.141519797897324
1989,"Plaice","3LNO",-1.2541277420734,621.603448129402,200.101367662868,1930.97554124346,0.066289851068236,0.0213394727793731,0.205925629001318
1990,"Plaice","3LNO",-1.44014878632108,441.557946582143,149.501054387124,1304.16083678559,0.0543665903553933,0.0184072388334927,0.160574118345934
1991,"Plaice","3LNO",-1.72990581900743,301.962621513202,104.319976633541,874.055264711481,0.0844574731541236,0.0291777888992161,0.244468996475985
1992,"Plaice","3LNO",-2.63993930707357,166.812926478532,58.4510245276958,476.066119716122,0.0651628157929292,0.02283296279618,0.185967655619954
1993,"Plaice","3LNO",-0.724988443392811,143.169460957559,48.9154694336315,419.039105383401,0.0552911210746725,0.0188908383449254,0.161830195879862
1994,"Plaice","3LNO",-2.14616014026149,91.9130175682527,32.0239401386905,263.80272889329,0.00609271694930651,0.00212279835902124,0.0174869175240376
1995,"Plaice","3LNO",-1.78720680888924,67.0952149876912,24.1875625436961,186.119120771753,0.0081674974899556,0.00294435089596215,0.0226562721650852
1996,"Plaice","3LNO",1.11372297538737,90.9038821531132,30.5808463099515,270.218675662289,0.00962555150863855,0.00323811815691654,0.0286126809942229
1997,"Plaice","3LNO",0.359934336888757,104.266961822373,34.8589640245382,311.873850296166,0.0130913951662405,0.00437676964164758,0.0391577902039527
1998,"Plaice","3LNO",-0.259472033620942,104.126669759692,34.9716272834134,310.033138217346,0.0149817525481246,0.00503172018633175,0.0446075896714102
1999,"Plaice","3LNO",1.49502824547444,150.773946748271,48.9764075130501,464.157829705929,0.0161566374863629,0.00524821481853133,0.0497382336454733
2000,"Plaice","3LNO",0.317501987865039,168.507953555479,55.2253971913831,514.164349294819,0.0159873759259265,0.00523956980622022,0.0487819035626664
2001,"Plaice","3LNO",-0.277886590228985,165.462621676606,53.9944185085523,507.050171635038,0.0209533728214231,0.00683758766675944,0.0642103405456779
2002,"Plaice","3LNO",-0.735483564497937,146.636522303829,48.8133905232247,440.499408930238,0.0216112599385975,0.00719410726951026,0.0649207106089513
2003,"Plaice","3LNO",-0.155555483983615,147.303685492298,48.5962296842529,446.503276089442,0.024907727106338,0.00821718494908655,0.0754996843137586
2004,"Plaice","3LNO",-0.277449755308332,143.674481592448,47.4927259946753,434.642489529302,0.0185001537540938,0.00611537082552258,0.0559664652708713
2005,"Plaice","3LNO",0.351871571941532,161.275353727008,52.2886137069027,497.426454362817,0.0146023551992099,0.0047343682253825,0.0450384860688918
2006,"Plaice","3LNO",-0.522586018950264,150.366637376674,49.5267543329127,456.523467780377,0.00591221573820942,0.00194732595965401,0.0179498941930305
2007,"Plaice","3LNO",0.827025366311647,188.406286294164,60.9667029849456,582.234678557636,0.00769613386326224,0.00249040473437974,0.0237834740769571
2008,"Plaice","3LNO",-0.0295187361768904,195.301551834794,63.5192287718669,600.49054257366,0.00968758303364863,0.00315075736562148,0.0297862558563995
2009,"Plaice","3LNO",-1.11610371374589,160.021959563865,53.8955572647154,475.123161207647,0.0110609819103833,0.00372534985560606,0.0328412969422768
2010,"Plaice","3LNO",-0.229355013710321,158.43539050532,52.9252773891697,474.287036419197,0.0124782726491504,0.00416836187412181,0.037354551502163
2011,"Plaice","3LNO",0.0100250568370134,165.131308425752,55.0231330626975,495.57972264737,0.00752734300872379,0.00250817364633068,0.0225904984106163
2012,"Plaice","3LNO",0.179275536443146,179.02893601376,59.3564603677675,539.980984911022,0.00743455236698551,0.00246490161171013,0.0224238438706291
2013,"Plaice","3LNO",0.64803365746698,213.732862654279,69.326516877228,658.935983460584,0.0103353315562574,0.00335237421456152,0.0318637095804477
2014,"Plaice","3LNO",-0.561749224259606,195.800997908626,62.4358532958955,614.038709462697,0.0070939372875321,0.00226207237197704,0.022246832976195
2015,"Plaice","3LNO",-1.45691231449687,148.979056349257,49.0532016735394,452.463009008596,0.00747084877078797,0.00245986959782353,0.0226896504617023
2016,"Plaice","3LNO",-1.70034823102047,108.113304240048,37.0397381884623,315.56612236914,0.00942529698044817,0.00322911722066288,0.027510993593292
2017,"Plaice","3LNO",0.297461651948662,120.345324972975,40.0286087655922,361.816153233389,0.00953090616737771,0.00317011827622889,0.0286545057490466
2018,"Plaice","3LNO",-0.129137422055849,122.085159968207,40.5578667371453,367.494335465429,0.00632345487527758,0.00210071265186242,0.0190345316977176
1977,"Redfish","3LNO",-0.00919645607162983,504.631417229846,347.300638934353,733.234663883063,0.0542296794563932,0.0373222944140082,0.0787962846367603
1978,"Redfish","3LNO",-0.532431826837034,480.519107069342,335.528497078166,688.16393918674,0.0393387062489321,0.0274687453433541,0.0563379866825329
1979,"Redfish","3LNO",0.701657681918404,501.014761377996,355.926685328797,705.245775226906,0.0634791675848551,0.0450963353729661,0.0893554805271771
1980,"Redfish","3LNO",0.598456127113941,498.744504450124,356.557929431811,697.631605376402,0.0668398342288575,0.0477845323277947,0.0934939241236964
1981,"Redfish","3LNO",0.383810270376292,490.297862814657,350.147051517118,686.545819075296,0.0752277397014536,0.0537240180847344,0.105338599426124
1982,"Redfish","3LNO",0.340041640445787,477.423263667746,342.000792886324,666.469135254093,0.0689262599966243,0.0493751297086761,0.0962190751731321
1983,"Redfish","3LNO",1.0740250542177,485.996201094614,342.349982277345,689.91476473059,0.055323477713287,0.0389714807893687,0.0785365894315083
1984,"Redfish","3LNO",1.14068461967747,497.621797841154,348.749404944254,710.04408946947,0.049814939995681,0.0349119165522831,0.0710796911724119
1985,"Redfish","3LNO",1.21131745555977,506.689787814307,354.816078672374,723.570763861487,0.0567743828508788,0.039756996048982,0.0810758072397348
1986,"Redfish","3LNO",0.257908964795622,481.416782768198,339.868398525955,681.917235424238,0.110631789140689,0.0781033199239577,0.156707714606578
1987,"Redfish","3LNO",0.710014438608161,444.905182585398,305.409154851567,648.116201976816,0.189503299354839,0.130086240311295,0.276059177207626
1988,"Redfish","3LNO",0.206221298670808,364.394080342028,235.066748992874,564.873791623917,0.155485511583557,0.100302051254879,0.241029410764164
1989,"Redfish","3LNO",-0.79612036083783,304.630541107412,188.612380312917,492.013124596781,0.140839457015809,0.0872009258597747,0.227471812448474
1990,"Redfish","3LNO",-1.01409877893966,268.744889300722,160.948016231482,448.740016909449,0.1257586705665,0.0753153245230186,0.209987055394282
1991,"Redfish","3LNO",-1.4102880770129,243.968440144574,141.459172764682,420.761684260582,0.11958923860279,0.06934091456372,0.206250322476679
1992,"Redfish","3LNO",-2.64286310549603,216.596256454397,121.4692065994,386.220834262785,0.137906353918397,0.0773391732142457,0.245905944693539
1993,"Redfish","3LNO",-1.10262573991571,209.342262348571,110.365508084312,397.082236705143,0.134678968707498,0.0710029243159917,0.255460247403217
1994,"Redfish","3LNO",-2.33139991873712,193.118034270343,93.9720191894423,396.868934839609,0.0378524979690237,0.018419179125104,0.0777891127917923
1995,"Redfish","3LNO",-1.93676566786219,200.737737970393,95.1575978869084,423.462133768446,0.0239267416708083,0.0113422183874092,0.0504741618815158
1996,"Redfish","3LNO",0.84507110123595,241.320725651959,116.69815007577,499.028412972928,0.0418364397534624,0.0202313129624299,0.0865137964350324
1997,"Redfish","3LNO",0.233250545168502,274.462237520789,131.212655971501,574.102545727598,0.0209209108395652,0.0100016975063624,0.0437610225742794
1998,"Redfish","3LNO",-0.399523699229581,306.197573071833,145.129980689035,646.020576244476,0.0465418450480559,0.0220596688774924,0.0981947350391723
1999,"Redfish","3LNO",1.27987607306863,359.921596772249,168.080498543666,770.723295953524,0.0400892864707154,0.0187213752013928,0.0858457710740992
2000,"Redfish","3LNO",0.314594565320505,399.599905626185,183.033310333867,872.409968902312,0.0357007091321625,0.0163524036961084,0.0779420968455289
2001,"Redfish","3LNO",-0.117390197004042,433.131079278429,195.225432061167,960.953344327179,0.0547316993264321,0.0246692517799582,0.121428851506256
2002,"Redfish","3LNO",-0.799333203752326,445.963994213726,194.118650432385,1024.54804673359,0.0458131155543659,0.0199414757220387,0.105250062034181
2003,"Redfish","3LNO",-0.0268397498947758,482.312823067484,204.630946477718,1136.80586098768,0.0468907292494598,0.0198943379658078,0.110520917726697
2004,"Redfish","3LNO",-0.166999677193707,516.439276577251,213.087402775188,1251.64379929591,0.0138331848951294,0.00570769415709063,0.033526148927429
2005,"Redfish","3LNO",0.631482532090061,590.736391889335,243.636471295162,1432.336804286,0.0208790251783076,0.00861110317286605,0.0506246044955131
2006,"Redfish","3LNO",-0.22427089978222,638.526431052208,261.751713122665,1557.64406768639,0.0176171250757202,0.0072218038981835,0.0429758409822837
2007,"Redfish","3LNO",1.04082596530287,731.440672167193,300.171295128286,1782.33383932247,0.0105572472161282,0.00433252168007729,0.0257253112650223
2008,"Redfish","3LNO",0.136621541401281,794.604729557523,328.910225806042,1919.66265167906,0.00696069353007746,0.00288123540621173,0.0168161387699196
2009,"Redfish","3LNO",-0.942207120690684,817.802335449521,342.433433458574,1953.08224758258,0.00802883498295571,0.00336186558867505,0.0191745295828257
2010,"Redfish","3LNO",0.0272740383941597,881.66239055549,373.638538704075,2080.42931978083,0.0109044007127748,0.00462116155958273,0.0257307504556278
2011,"Redfish","3LNO",0.219033328569927,956.86074609855,410.478806706595,2230.52316578848,0.0100787915475913,0.00432364933389557,0.0234945138273446
2012,"Redfish","3LNO",0.558064146127161,1047.65077287773,457.052499448823,2401.41371775653,0.0109397141649773,0.004772605367936,0.0250758939373951
2013,"Redfish","3LNO",0.828388624262895,1144.07402257256,507.663402421707,2578.29373337034,0.0122605703155981,0.00544041969247,0.0276305125267786
2014,"Redfish","3LNO",-0.170185761341729,1172.55937193088,529.823133149796,2595.00839936751,0.0112736295631939,0.00509401048691092,0.0249498354694577
2015,"Redfish","3LNO",-0.986227478063882,1162.1268353833,533.698369843468,2530.52821187016,0.0153675136450228,0.00705741983678637,0.0334627216591237
2016,"Redfish","3LNO",-1.14090731189594,1153.8398977516,532.254297102811,2501.33538966292,0.0150038146832455,0.00692110305221122,0.0325258059807754
2017,"Redfish","3LNO",0.565411159681531,1252.45038607066,587.20313168441,2671.36172293374,0.0152964143035675,0.00717162330938855,0.0326258477965618
2018,"Redfish","3LNO",0.212528454429195,1323.27262331695,631.161433399516,2774.33053250535,0.0116612402675726,0.00556206256579857,0.0244485787366422
1977,"Skate","3LNO",0.00440919881591219,264.422793037253,96.4008089880419,725.299032358692,0.00687157101371369,0.00250517361658552,0.0188483895423055
1978,"Skate","3LNO",-1.10412464964571,225.03125359032,86.9325970977487,582.509516372685,0.00813664755800285,0.00314329628707481,0.0210622949403109
1979,"Skate","3LNO",0.389198814749231,247.141691710396,97.4008391951953,627.089214899593,0.00420406606756384,0.00165686153630686,0.010667259220609
1980,"Skate","3LNO",0.258347301090571,261.922093034493,104.788267253617,654.68381735458,0.00526110640013299,0.00210483284216214,0.0131503271894444
1981,"Skate","3LNO",0.0558908400426929,268.702846848271,107.731661181441,670.194992934942,0.00636762885123488,0.00255298833628573,0.0158820534394094
1982,"Skate","3LNO",0.0111839385299239,273.702824033019,113.766941022435,658.47982911729,0.00295210691688926,0.00122706871838906,0.00710223895218085
1983,"Skate","3LNO",0.730080273414633,314.429298098524,130.113172428966,759.84453885102,0.00407404783125079,0.00168587116772206,0.00984527527909868
1984,"Skate","3LNO",0.762606784213953,357.779128442673,150.589583604273,850.031600363403,0.00562637627511171,0.00236814725374846,0.0133674584378284
1985,"Skate","3LNO",0.798870542014104,401.685579659463,174.797871337559,923.073625964056,0.025888407566973,0.0112656235727018,0.0594915711525919
1986,"Skate","3LNO",-0.237282701650715,367.238174427912,161.382176560972,835.680120513137,0.0390182747812693,0.0171465129399052,0.0887892350031994
1987,"Skate","3LNO",0.227520136524148,360.787279045485,157.484231520113,826.542819332489,0.0512656655992247,0.0223775460476896,0.117446679083155
1988,"Skate","3LNO",-0.168418890913565,327.271174460173,139.216982382782,769.348823680494,0.0573408276208686,0.024392056531945,0.134796773201148
1989,"Skate","3LNO",-0.970566468278564,267.261576830881,112.36193753955,635.702374080075,0.0532923593764949,0.0224051389152212,0.126760007097481
1990,"Skate","3LNO",-1.0126823594795,229.01398330636,97.4404168029315,538.251028378891,0.0644938784381636,0.0274407278783738,0.151579811382289
1991,"Skate","3LNO",-1.38345028968306,189.26517805705,80.1562882726092,446.893293051941,0.150096284438741,0.0635677474727691,0.354407628050157
1992,"Skate","3LNO",-2.78133788930807,118.996380330734,49.623573493012,285.351044575836,0.0431693803267159,0.0180023872267086,0.103519348535498
1993,"Skate","3LNO",-1.22453571716732,109.594910606812,46.7869021350037,256.718095937561,0.0553857835769127,0.0236446128888255,0.129737164099581
1994,"Skate","3LNO",-2.24272965514812,85.6695516247231,37.5438671077731,195.485245420059,0.0951913468127289,0.0417167033884144,0.217212573669897
1995,"Skate","3LNO",-1.67780655331251,71.445640184161,32.0156663970881,159.436928096829,0.102511503586802,0.0459366602670116,0.22876300337344
1996,"Skate","3LNO",1.09384245341954,91.9347538297215,41.2342013339903,204.975449706705,0.0665471951046016,0.0298474768990828,0.148371977680499
1997,"Skate","3LNO",0.395890265699788,108.214707939955,48.9453161748437,239.255232772377,0.111519036827195,0.0504398581387821,0.246560875342809
1998,"Skate","3LNO",-0.385347940028451,107.030408203277,47.8299498060189,239.50491954559,0.0888906261287031,0.0397236099285593,0.198913024968359
1999,"Skate","3LNO",1.25559569575825,139.546425412525,62.054284285309,313.809192543111,0.0855987529934095,0.0380645318360423,0.192492752717606
2000,"Skate","3LNO",0.262256916663837,152.916569066021,68.1676167527021,343.029112778779,0.11952269209041,0.0532811919429909,0.268118512435386
2001,"Skate","3LNO",-0.108460389067369,151.518874698999,66.4007602700325,345.748592285505,0.0980801898741805,0.0429820983558146,0.223807678399534
2002,"Skate","3LNO",-1.02187294090475,132.463408214895,58.5248975030223,299.81350270626,0.0887414883733769,0.039207707104229,0.200854687518128
2003,"Skate","3LNO",-0.0535718116688833,136.901205137959,60.5394631488236,309.582196362601,0.104184619745508,0.0460717708175128,0.235598389185207
2004,"Skate","3LNO",-0.286896458603191,133.972379925559,58.7078130321367,305.727596650435,0.0882868543991843,0.0386880351318889,0.201472332030582
2005,"Skate","3LNO",0.643988166113907,153.946997308794,65.8514792335155,359.895909040288,0.0229819357431397,0.00983062021859198,0.0537269631780619
2006,"Skate","3LNO",-0.329766666642581,159.42002908463,69.2472249146927,367.01464505839,0.0345251473833198,0.0149966767651038,0.0794833295742972
2007,"Skate","3LNO",0.856613189121257,196.068445216145,85.1484267729183,451.480275871677,0.031677713326859,0.0137569686472092,0.0729432149881532
2008,"Skate","3LNO",-0.217437659746729,200.047477032197,87.7519813914896,456.046603533767,0.0355415629603551,0.0155905119014301,0.0810238115112184
2009,"Skate","3LNO",-1.29693547935539,170.147527670892,75.4111713406328,383.897778775358,0.0336237621452006,0.0149024045365673,0.0758640914640909
2010,"Skate","3LNO",-0.136397598666299,174.643088386207,77.1341810251004,395.417542725286,0.0307140697611692,0.0135654072478181,0.0695411545013292
2011,"Skate","3LNO",0.0181017810919091,184.253371136082,82.024655318934,413.891465230872,0.0301107109508594,0.0134044803192675,0.0676381994953575
2012,"Skate","3LNO",0.489537140056913,207.653641200493,92.2673005859202,467.338205734863,0.0208472145009019,0.00926309885833728,0.0469180302502596
2013,"Skate","3LNO",0.560925607670038,234.836900224513,103.815524384122,531.215057037198,0.0184979447260927,0.00817747905006354,0.0418434528532265
2014,"Skate","3LNO",-0.341213832809361,226.718171676838,99.5318722732306,516.428840275244,0.0197161081837388,0.00865559715374842,0.044910237272832
2015,"Skate","3LNO",-1.03671188943037,196.748514954317,86.7798288511586,446.071150971303,0.0169048289933587,0.00745620960413549,0.0383268789997803
2016,"Skate","3LNO",-0.995307309998991,174.973007125837,78.0048960725512,392.482456411239,0.0198944971980537,0.00886918623530181,0.0446254039844163
2017,"Skate","3LNO",0.583185254146446,201.15399391221,89.3427146579154,452.895677300183,0.0206906157767686,0.00918975430459098,0.0465846601587594
2018,"Skate","3LNO",0.1757944295143,214.118082304387,95.5242498280535,479.946749147292,0.000602471302804851,0.000268779818238566,0.00135044242935384
1977,"Witch","3LNO",0.00476109288951316,114.217327590253,75.9256280618401,171.820744258234,0.0588264507825287,0.0391047078104948,0.0884944935131454
1978,"Witch","3LNO",-1.0371275261415,97.1083517256564,65.4409181543677,144.099933815559,0.0409439551732143,0.0275919627075547,0.0607570937593061
1979,"Witch","3LNO",0.533347776425589,100.702533351656,67.9090970282662,149.331984479491,0.0393138073912707,0.0265114001785981,0.0582985221899228
1980,"Witch","3LNO",0.391763934730976,101.622114641297,67.9694459967129,151.936712632149,0.0266280623026942,0.017810047046045,0.0398120061200862
1981,"Witch","3LNO",0.152042469155545,101.350382932131,66.7942846323588,153.784117563756,0.0303205563816944,0.0199825576833446,0.0460069303371395
1982,"Witch","3LNO",0.106160697882684,100.291320469792,67.0367646001848,150.042279360642,0.0435331789386006,0.0290984649033881,0.0651284414759474
1983,"Witch","3LNO",0.742134413653904,104.929530659958,68.1198931867118,161.629824849267,0.0390452523158331,0.0253480445445064,0.0601439580765403
1984,"Witch","3LNO",0.769025116102455,109.488888102613,69.7248357353842,171.930367300426,0.0316653138056415,0.0201651404253785,0.0497240325263406
1985,"Witch","3LNO",0.799046583250886,113.998608912969,71.580777936701,181.552690662068,0.0843519064986244,0.052965340061518,0.134337740901663
1986,"Witch","3LNO",-0.153318773182973,99.8754147025115,61.2917591725925,162.747791818303,0.123303618179523,0.0756692294402917,0.200924237878733
1987,"Witch","3LNO",0.28806320351596,88.4860241360994,49.9335793064266,156.803829730801,0.111090989746365,0.0626897953760187,0.196861513565379
1988,"Witch","3LNO",-0.132887443984361,75.8036138846104,40.2048739666867,142.922668598049,0.0988739139984675,0.0524409463769438,0.186420183936163
1989,"Witch","3LNO",-0.841231342853732,62.4135631110284,32.5984815543659,119.497985012514,0.073733973364306,0.0385111096184432,0.141172219703701
1990,"Witch","3LNO",-0.850322935754845,54.7558530835207,29.0489387115243,103.212150938742,0.102655692194698,0.0544606419774758,0.193501045109439
1991,"Witch","3LNO",-1.26736082283684,45.7305978844221,24.636775613622,84.8847923796656,0.116661496827212,0.0628498916052956,0.216546194342502
1992,"Witch","3LNO",-2.46394612431882,33.9899840046314,18.97858138741,60.8748878038647,0.188379023630242,0.105182945398275,0.337380327290827
1993,"Witch","3LNO",-0.907327708639556,28.2570741831192,14.820403953768,53.8758757103445,0.169798188195518,0.0890565570719578,0.32374286254054
1994,"Witch","3LNO",-1.96296668729232,21.5725236583829,10.7814299354337,43.1643835538006,0.0183103287429474,0.00915106315621691,0.0366370696990584
1995,"Witch","3LNO",-1.4743363939784,20.2762173302209,10.4060974349573,39.508085696109,0.0516368503527276,0.0265009043478691,0.100614087706195
1996,"Witch","3LNO",1.1633955716438,24.4131200654339,12.1654277264103,48.9913256428636,0.0686925716788833,0.0342305495512609,0.137849653765921
1997,"Witch","3LNO",0.531142238724261,26.8588262786591,12.8735838393412,56.0369636046975,0.0506723557418216,0.0242875400887337,0.105720366370772
1998,"Witch","3LNO",-0.282567845487961,27.4355609056338,13.0422197818225,57.7133352142882,0.0383443955681612,0.0182280229706696,0.0806611157915172
1999,"Witch","3LNO",1.37674676375196,33.6498604175556,15.3714709296731,73.6632890438064,0.0362260046512416,0.0165482700517904,0.0793027554472256
2000,"Witch","3LNO",0.359411455252445,36.6768592605946,16.4856295333637,81.5978548164664,0.0318456929940807,0.014314101793817,0.0708495843386627
2001,"Witch","3LNO",0.0744337427994726,38.7274204691372,17.1360826686908,87.5236846828267,0.0323285151666053,0.0143046994026482,0.0730622058848676
2002,"Witch","3LNO",-0.904557370792447,36.840765039754,16.435647274076,82.5791613850914,0.0320297365900705,0.0142893192448069,0.0717951645178717
2003,"Witch","3LNO",0.0674053782345325,38.9595280278307,17.079198591529,88.8709628860543,0.0344973378281152,0.0151230498281335,0.0786922168974953
2004,"Witch","3LNO",-0.28723319839225,39.5356366710877,17.2052704946736,90.8481251411969,0.0211707732687683,0.0092131785735713,0.0486478838132255
2005,"Witch","3LNO",0.489559999114916,44.0306547234112,18.9551640226661,102.278120783023,0.0103337096134088,0.00444865428223165,0.0240040128091702
2006,"Witch","3LNO",-0.378254528469845,44.874876307047,19.5371258761712,103.073222557719,0.00561561436461111,0.00244486389138445,0.0128985195466932
2007,"Witch","3LNO",0.779652285410333,51.7024554809421,22.3274715807485,119.724434228535,0.00541560352202634,0.00233870388951285,0.0125406049219396
2008,"Witch","3LNO",-0.182886970487484,53.1206738952712,23.0069068709517,122.65038542189,0.00602401996312939,0.00260904194389012,0.0139088666631684
2009,"Witch","3LNO",-1.16961378532773,48.9094211390714,21.7793065542413,109.835061561829,0.0070334097600921,0.00313196892784871,0.0157948095887842
2010,"Witch","3LNO",0.0434077592076892,51.1826911400894,22.8289320918058,114.752098863271,0.00969077609933453,0.00432236102793199,0.0217268156918314
2011,"Witch","3LNO",0.0897560635500911,53.7093593633358,23.9010026050704,120.693484323038,0.00904870223292523,0.00402672938581519,0.0203338750273555
2012,"Witch","3LNO",0.528687783793009,58.6828948683031,25.7510918698888,133.729558634796,0.00739568150095506,0.00324535580937059,0.0168536542913539
2013,"Witch","3LNO",0.477766850418951,63.1350786862776,27.3990594976302,145.480838897672,0.00712757486588526,0.00309319085186552,0.0164239214137595
2014,"Witch","3LNO",-0.445750853088288,60.8874422690631,26.8301071358749,138.176139487398,0.00743995778305454,0.00327842420319837,0.0168840175592995
2015,"Witch","3LNO",-1.07750189069733,55.1032383044178,24.8401765299009,122.236122918792,0.0100538555817614,0.0045322118108086,0.0223025790228637
2016,"Witch","3LNO",-1.02023724143154,50.5744291022947,23.068880324823,110.875466993115,0.0125952978868346,0.00574518437013263,0.0276129569806023
2017,"Witch","3LNO",0.61633769163707,55.3739416956593,24.9036135812421,123.125642345489,0.0126232660813957,0.00567712774272167,0.0280682157920447
2018,"Witch","3LNO",0.205182284993268,57.5890080452792,25.6965173418315,129.063942927406,0.0118946309938421,0.00530744671565854,0.0266573088830557
1977,"Yellowtail","3LNO",-0.00357602325337194,911.553697683888,375.492624763141,2212.90669633077,0.0127672127594571,0.00525914627096436,0.0309939509659909
1978,"Yellowtail","3LNO",-1.13211912729963,756.161838596378,332.759207716458,1718.30174159047,0.0204532934757838,0.00900074743897109,0.0464780527220707
1979,"Yellowtail","3LNO",0.448021056879647,758.444378907797,346.583804785245,1659.73674463315,0.0241955778305411,0.0110565727121117,0.0529482328563243
1980,"Yellowtail","3LNO",0.296459456938396,723.788122246363,337.711212421822,1551.2343879497,0.017100308252623,0.0079788071333043,0.0366496567029595
1981,"Yellowtail","3LNO",0.00541830607004064,680.480152629005,321.409572557348,1440.69523019378,0.0215730024502323,0.0101895249545773,0.04567381078042
1982,"Yellowtail","3LNO",-0.0353168579205497,638.307504453156,307.691279401383,1324.1729535978,0.0191851104907364,0.00924803664561143,0.0397996330082046
1983,"Yellowtail","3LNO",0.59330428409213,642.886641376698,304.055134359711,1359.30358331544,0.0143882286621974,0.00680495520907744,0.0304221141322904
1984,"Yellowtail","3LNO",0.617847075403403,637.480257140288,304.229468642669,1335.77158076347,0.019705708309074,0.00940430248772035,0.0412912005403218
1985,"Yellowtail","3LNO",0.646394167213969,612.221320225664,296.704569847199,1263.25976418861,0.0350657503925001,0.0169941294803994,0.0723548006390866
1986,"Yellowtail","3LNO",-0.236785826598578,515.014923411255,251.326898067616,1055.3600644247,0.0445754073453676,0.021752765500478,0.091343187603516
1987,"Yellowtail","3LNO",0.137769596959767,457.7069182042,220.651342200645,949.441870067963,0.0354681114799261,0.0170984664904634,0.0735730852035241
1988,"Yellowtail","3LNO",-0.289942575844916,394.228471886771,190.838479725676,814.38548593336,0.0381859786228828,0.01848510350445,0.0788834621908517
1989,"Yellowtail","3LNO",-0.876405911856934,336.969743892999,162.397241941263,699.20281244913,0.027201255205009,0.0131092150042901,0.0564418452581553
1990,"Yellowtail","3LNO",-0.837408679043172,317.3494253375,154.077264623427,653.637368291701,0.0276099444348502,0.0134049863503057,0.0568675723924277
1991,"Yellowtail","3LNO",-1.23340324949697,302.884755212626,147.404978994148,622.361439662459,0.0363669673380142,0.0176987186191581,0.0747261054216988
1992,"Yellowtail","3LNO",-2.37157832731524,270.035441694729,131.675347417348,553.779740866364,0.0399799371972984,0.019495115482394,0.0819895311594042
1993,"Yellowtail","3LNO",-0.808667404332073,290.886820343972,138.709672697487,610.016162566859,0.0235486777706186,0.0112292106674292,0.0493837226113223
1994,"Yellowtail","3LNO",-1.93739498829985,288.442711290763,136.180929097534,610.946027818463,0.000800852269645816,0.00037810213911177,0.0016962727566248
1995,"Yellowtail","3LNO",-1.43190718777042,309.749790914362,146.443904368155,655.165084442767,0.000213075204361469,0.000100737969051166,0.00045068451489847
1996,"Yellowtail","3LNO",1.06628121799366,420.817804013306,196.060509914103,903.229437953446,0.000553683798018757,0.000257963248549489,0.00118840861988006
1997,"Yellowtail","3LNO",0.495331841413574,530.441421237387,236.043109645558,1192.01997375327,0.00123859105585567,0.000551165261041161,0.00278338986885298
1998,"Yellowtail","3LNO",-0.358411588172447,605.15806132009,265.168835548034,1381.06832359775,0.00724769325625836,0.00317580233002105,0.0165404052513762
1999,"Yellowtail","3LNO",1.23360706857133,787.469547392254,327.102811720841,1895.7595772652,0.00891971000435552,0.00370511117772261,0.0214733709045414
2000,"Yellowtail","3LNO",0.233385400140277,893.231555576809,365.524146113339,2182.79044041805,0.0119330759571261,0.00488319895608421,0.029160864236572
2001,"Yellowtail","3LNO",-0.0490905984774976,962.379736951585,388.950304581092,2381.21617899878,0.0137908140522993,0.00557362246949809,0.0341226111502708
2002,"Yellowtail","3LNO",-1.11159584756658,929.022564695429,386.963687893028,2230.39771615951,0.0111741096443694,0.00465432686053628,0.0268268065578022
2003,"Yellowtail","3LNO",-0.124237718224028,996.313979334072,411.559508747086,2411.90283378071,0.013352216546125,0.00551556215850837,0.0323233936217351
2004,"Yellowtail","3LNO",-0.514765223998305,1017.90956653532,424.39655572644,2441.44273006779,0.0128930903406974,0.00537551007786105,0.0309239078944353
2005,"Yellowtail","3LNO",0.20942901161005,1107.87060577696,461.161553411708,2661.49090283951,0.0125565205245645,0.00522676969707412,0.0301651338822271
2006,"Yellowtail","3LNO",-0.584730618796727,1091.09961093952,463.074155734302,2570.85900011974,0.000537989377060218,0.000228328352497224,0.00126761554867856
2007,"Yellowtail","3LNO",0.562413075246954,1202.89571007404,508.140189121973,2847.55687562277,0.00368111712671038,0.00155501722824468,0.00871413065683948
2008,"Yellowtail","3LNO",-0.417808010544165,1156.41617332909,505.036663378098,2647.92333489643,0.00977762181192037,0.00427013873513157,0.0223884735899559
2009,"Yellowtail","3LNO",-1.30627106128008,1009.48288554626,456.626721688086,2231.70403265821,0.00580891472650062,0.00262758856648896,0.0128419992117886
2010,"Yellowtail","3LNO",0.0231735753274083,1021.23930809813,455.28997900354,2290.69334380546,0.00909776966703605,0.00405597721105922,0.0204067746457643
2011,"Yellowtail","3LNO",-0.0014914231414622,1027.16827156557,454.785587381013,2319.93864226634,0.00509166817626543,0.00225436996682413,0.0114999246790518
2012,"Yellowtail","3LNO",0.424371762409433,1063.40981749535,464.82336775971,2432.83904893975,0.00302235313904655,0.00132109027163169,0.00691445444210429
2013,"Yellowtail","3LNO",0.328621554074646,1060.58670480829,465.285979440844,2417.53288970342,0.00993506702679687,0.00435857565573499,0.0226462873707538
2014,"Yellowtail","3LNO",-0.529540812014148,941.45274351188,418.374926515959,2118.51430879723,0.00846563999619321,0.0037620704126964,0.0190498987746963
2015,"Yellowtail","3LNO",-1.113362569109,809.06431082713,363.36140072704,1801.47109116279,0.00852095427735783,0.00382687240101652,0.0189728462797809
2016,"Yellowtail","3LNO",-1.07730185788002,724.787347556923,326.319012382709,1609.82559778805,0.00941793482323987,0.00424021087090375,0.0209181804950869
2017,"Yellowtail","3LNO",0.556494518895778,774.009348353175,334.329731968484,1791.91502894688,0.0118151027755122,0.00510347859818699,0.0273532358194875
2018,"Yellowtail","3LNO",0.113723158227127,773.092183951769,326.077711911752,1832.91130627495,0.0106494415166842,0.00449176126079557,0.0252485824674461
