"year","region","species","process_error","standardized_process_error"
1978,"2J3K","American Plaice",1.15793040036673,0.549461354420081
1979,"2J3K","American Plaice",0.949690357693826,-0.193425469038226
1980,"2J3K","American Plaice",1.57825852727099,1.70990942250047
1981,"2J3K","American Plaice",1.38058615757173,1.20848807033599
1982,"2J3K","American Plaice",1.40259272538596,1.26774674027251
1983,"2J3K","American Plaice",1.37636359883777,1.19700973675683
1984,"2J3K","American Plaice",1.06370671710464,0.231423210811142
1985,"2J3K","American Plaice",0.868303795874797,-0.529149362131254
1986,"2J3K","American Plaice",1.23114865286615,0.779211882392224
1987,"2J3K","American Plaice",0.835840974162267,-0.671928243565043
1988,"2J3K","American Plaice",1.14873701107501,0.519592083307027
1989,"2J3K","American Plaice",1.00248812458344,0.00931180882328038
1990,"2J3K","American Plaice",0.639261005810697,-1.6766362109701
1991,"2J3K","American Plaice",0.505275531820805,-2.55800057883983
1992,"2J3K","American Plaice",0.40431264952193,-3.39329922804698
1993,"2J3K","American Plaice",0.821221846417882,-0.738047111693447
1994,"2J3K","American Plaice",0.672564421588943,-1.48633668044143
1995,"2J3K","American Plaice",1.59824618538583,1.75706681623831
1996,"2J3K","American Plaice",1.2057212982345,0.701010173345355
1997,"2J3K","American Plaice",0.889935205309032,-0.436943087432007
1998,"2J3K","American Plaice",0.986949085431669,-0.0492257235520599
1999,"2J3K","American Plaice",0.894523875592665,-0.417671704949144
2000,"2J3K","American Plaice",0.746616488207484,-1.09493228959381
2001,"2J3K","American Plaice",0.765543408593333,-1.00112500290262
2002,"2J3K","American Plaice",0.568123392538104,-2.11870380768016
2003,"2J3K","American Plaice",0.897713341092211,-0.404334816140409
2004,"2J3K","American Plaice",1.25575288154494,0.853359463818886
2005,"2J3K","American Plaice",1.33585047254203,1.0850567328189
2006,"2J3K","American Plaice",1.26899001610309,0.892652216843564
2007,"2J3K","American Plaice",1.37137104104129,1.18339276787635
2008,"2J3K","American Plaice",0.754126990609506,-1.05742654388161
2009,"2J3K","American Plaice",0.960442193937469,-0.151240729020729
2010,"2J3K","American Plaice",0.829795968345335,-0.699127055862564
2011,"2J3K","American Plaice",1.14568697142778,0.509629689119527
2012,"2J3K","American Plaice",1.20026647742584,0.684019152572864
2013,"2J3K","American Plaice",1.42666560665538,1.33151397814129
2014,"2J3K","American Plaice",1.07399453270596,0.267490306139962
2015,"2J3K","American Plaice",0.899125980547705,-0.398442936952091
2016,"2J3K","American Plaice",0.771585111764539,-0.971668370506366
2017,"2J3K","American Plaice",1.03063219467851,0.113060641788981
2018,"2J3K","American Plaice",1.07157927053402,0.259053993621105
2019,"2J3K","American Plaice",0.771604548112824,-0.971573980281073
2020,"2J3K","American Plaice",1.37814317276986,1.20185150397978
2021,"2J3K","American Plaice",1.0427353415112,0.156808681278491
1978,"2J3K","Atlantic Cod",1.32631718623588,0.611039214584239
1979,"2J3K","Atlantic Cod",1.47186341756843,0.836329466291228
1980,"2J3K","Atlantic Cod",1.49199369087661,0.865721128061696
1981,"2J3K","Atlantic Cod",1.29129847479735,0.55314365632728
1982,"2J3K","Atlantic Cod",1.3138312403746,0.590573759996336
1983,"2J3K","Atlantic Cod",1.75051049414061,1.21146622031825
1984,"2J3K","Atlantic Cod",1.31193194951403,0.587443639530789
1985,"2J3K","Atlantic Cod",0.957790081879552,-0.0933126975111487
1986,"2J3K","Atlantic Cod",2.03341021248353,1.53560178589819
1987,"2J3K","Atlantic Cod",0.820380043957516,-0.428383762166705
1988,"2J3K","Atlantic Cod",1.64605904788692,1.07834847320503
1989,"2J3K","Atlantic Cod",1.31711003183749,0.595966728951369
1990,"2J3K","Atlantic Cod",0.718788830988777,-0.714423776802135
1991,"2J3K","Atlantic Cod",0.387757966850945,-2.04982359524547
1992,"2J3K","Atlantic Cod",0.157916214039712,-3.99350264700156
1993,"2J3K","Atlantic Cod",0.327567399374447,-2.41481110080767
1994,"2J3K","Atlantic Cod",0.449649035960606,-1.72941136104454
1995,"2J3K","Atlantic Cod",2.21037010117496,1.71615237089094
1996,"2J3K","Atlantic Cod",1.20769801097567,0.408323108308186
1997,"2J3K","Atlantic Cod",0.807896415437713,-0.461561460622955
1998,"2J3K","Atlantic Cod",1.38849658539142,0.710169758566853
1999,"2J3K","Atlantic Cod",1.24334537948662,0.471263893057481
2000,"2J3K","Atlantic Cod",1.11165820781985,0.229032615442257
2001,"2J3K","Atlantic Cod",0.96405734428741,-0.0792007950649374
2002,"2J3K","Atlantic Cod",0.985970521988598,-0.0305703909689239
2003,"2J3K","Atlantic Cod",0.657285736848785,-0.907963218617537
2004,"2J3K","Atlantic Cod",1.47672415044834,0.843463138869346
2005,"2J3K","Atlantic Cod",1.42598511319182,0.767813305548944
2006,"2J3K","Atlantic Cod",1.69364415586021,1.14001047669188
2007,"2J3K","Atlantic Cod",1.62303271217772,1.04786742082893
2008,"2J3K","Atlantic Cod",1.0032958208958,0.00711940932929321
2009,"2J3K","Atlantic Cod",0.914025717503067,-0.194508319878395
2010,"2J3K","Atlantic Cod",1.18833887442177,0.37335863520112
2011,"2J3K","Atlantic Cod",1.07583196046997,0.158153367806037
2012,"2J3K","Atlantic Cod",1.39751188936299,0.724172868906172
2013,"2J3K","Atlantic Cod",1.64659767222018,1.07905636124018
2014,"2J3K","Atlantic Cod",1.19928256474583,0.393193371015488
2015,"2J3K","Atlantic Cod",1.35019041875728,0.649638504702747
2016,"2J3K","Atlantic Cod",1.01765429888615,0.0378651651363941
2017,"2J3K","Atlantic Cod",0.862705010427574,-0.319539087654632
2018,"2J3K","Atlantic Cod",1.38255109512726,0.700885026112628
2019,"2J3K","Atlantic Cod",0.817816894538394,-0.435154456725748
2020,"2J3K","Atlantic Cod",1.01813510289051,0.0388871872402645
2021,"2J3K","Atlantic Cod",1.00234768627388,0.00507371213472362
1978,"2J3K","Greenland Halibut",1.11276631233572,0.51258794570361
1979,"2J3K","Greenland Halibut",0.920424846457742,-0.397792392602105
1980,"2J3K","Greenland Halibut",1.30366786285076,1.27215830908412
1981,"2J3K","Greenland Halibut",1.23408254038011,1.00900721442738
1982,"2J3K","Greenland Halibut",1.34721861279144,1.42980002350532
1983,"2J3K","Greenland Halibut",1.2566566187155,1.09596755549298
1984,"2J3K","Greenland Halibut",1.21371452164159,0.929168972693081
1985,"2J3K","Greenland Halibut",0.959226312099957,-0.19970349392795
1986,"2J3K","Greenland Halibut",1.28194040338942,1.19153065808854
1987,"2J3K","Greenland Halibut",0.848044847732308,-0.790700676564107
1988,"2J3K","Greenland Halibut",1.0537473506864,0.251152084271309
1989,"2J3K","Greenland Halibut",1.04525620559593,0.212338565208926
1990,"2J3K","Greenland Halibut",0.811604886602966,-1.00139790917698
1991,"2J3K","Greenland Halibut",0.543660199941111,-2.92362730894685
1992,"2J3K","Greenland Halibut",0.57485153787518,-2.65599802216329
1993,"2J3K","Greenland Halibut",1.12506831056564,0.565332740857336
1994,"2J3K","Greenland Halibut",0.747201570533426,-1.39803277945795
1995,"2J3K","Greenland Halibut",1.43915038989843,1.74647390788159
1996,"2J3K","Greenland Halibut",1.51780787814779,2.00175868017438
1997,"2J3K","Greenland Halibut",1.07248129565943,0.33569127334896
1998,"2J3K","Greenland Halibut",0.973732357891711,-0.127698570509949
1999,"2J3K","Greenland Halibut",1.11168536116667,0.507925533161311
2000,"2J3K","Greenland Halibut",0.779027739324726,-1.19792908945665
2001,"2J3K","Greenland Halibut",0.869119655673329,-0.672939782609545
2002,"2J3K","Greenland Halibut",0.643035655317403,-2.11827566995605
2003,"2J3K","Greenland Halibut",0.919770994996595,-0.401201515326943
2004,"2J3K","Greenland Halibut",1.09702990303574,0.44426157975805
2005,"2J3K","Greenland Halibut",1.11650293994937,0.528670138469875
2006,"2J3K","Greenland Halibut",1.1315605093223,0.592936004837837
2007,"2J3K","Greenland Halibut",1.05425485441154,0.253461997923476
2008,"2J3K","Greenland Halibut",0.700503135147114,-1.70763253156532
2009,"2J3K","Greenland Halibut",0.956252831629667,-0.214597638853267
2010,"2J3K","Greenland Halibut",0.950517429271962,-0.243457510431546
2011,"2J3K","Greenland Halibut",1.26372598688092,1.12287936058938
2012,"2J3K","Greenland Halibut",0.942024987966625,-0.28651189747618
2013,"2J3K","Greenland Halibut",1.2041766099315,0.891320673163824
2014,"2J3K","Greenland Halibut",1.03310099092547,0.156224083102884
2015,"2J3K","Greenland Halibut",0.746808349166665,-1.40055806912145
2016,"2J3K","Greenland Halibut",0.778958210254626,-1.19835727346985
2017,"2J3K","Greenland Halibut",0.895376303230466,-0.530156215117048
2018,"2J3K","Greenland Halibut",1.02136567972229,0.101418122021157
2019,"2J3K","Greenland Halibut",0.842798135568148,-0.820473012958465
2020,"2J3K","Greenland Halibut",1.14739617886754,0.6596066891292
2021,"2J3K","Greenland Halibut",1.01810122967803,0.086060594636752
1978,"2J3K","Redfish spp.",1.28448132979032,0.67274661643053
1979,"2J3K","Redfish spp.",1.22982229228869,0.555894136949841
1980,"2J3K","Redfish spp.",1.57170272071176,1.21502992113267
1981,"2J3K","Redfish spp.",1.46649090587829,1.02884350059789
1982,"2J3K","Redfish spp.",1.41100998215608,0.92520830135356
1983,"2J3K","Redfish spp.",1.6637422366363,1.36795641994968
1984,"2J3K","Redfish spp.",1.30939009806218,0.724357631585312
1985,"2J3K","Redfish spp.",0.975353789472804,-0.0670583781523409
1986,"2J3K","Redfish spp.",1.58694317923261,1.24096130568562
1987,"2J3K","Redfish spp.",0.806804215723387,-0.576866339156246
1988,"2J3K","Redfish spp.",1.21997036053191,0.534280908075009
1989,"2J3K","Redfish spp.",0.926402541159197,-0.205424601158425
1990,"2J3K","Redfish spp.",0.742515470116424,-0.800001804134796
1991,"2J3K","Redfish spp.",0.384030359122398,-2.5717127938622
1992,"2J3K","Redfish spp.",0.286026782325644,-3.36345043411996
1993,"2J3K","Redfish spp.",0.568536770062161,-1.51741648713705
1994,"2J3K","Redfish spp.",0.558687099628832,-1.56437862081322
1995,"2J3K","Redfish spp.",2.07995617335328,1.96794089343843
1996,"2J3K","Redfish spp.",1.89910927441361,1.72351088008176
1997,"2J3K","Redfish spp.",1.09190704866226,0.236271504598912
1998,"2J3K","Redfish spp.",1.08848225920126,0.227829891643763
1999,"2J3K","Redfish spp.",0.975809443345235,-0.0658033117208046
2000,"2J3K","Redfish spp.",0.740901427984253,-0.805849396101364
2001,"2J3K","Redfish spp.",0.875930451105091,-0.355965694345559
2002,"2J3K","Redfish spp.",0.650065570723151,-1.15731614881043
2003,"2J3K","Redfish spp.",0.857845663262843,-0.412026766401359
2004,"2J3K","Redfish spp.",1.98261275564513,1.83914137879569
2005,"2J3K","Redfish spp.",1.27546865628077,0.653825393757724
2006,"2J3K","Redfish spp.",1.35135816110434,0.809134311187406
2007,"2J3K","Redfish spp.",1.23169541503047,0.559983810101619
2008,"2J3K","Redfish spp.",0.83383781835422,-0.488302864939245
2009,"2J3K","Redfish spp.",1.09485061968078,0.243505852107615
2010,"2J3K","Redfish spp.",1.25497920671013,0.610307523419343
2011,"2J3K","Redfish spp.",1.13801848635487,0.34742047891666
2012,"2J3K","Redfish spp.",0.805894794428468,-0.579896998271382
2013,"2J3K","Redfish spp.",0.973078401711357,-0.0733345606470792
2014,"2J3K","Redfish spp.",0.892911845402186,-0.304368888307193
2015,"2J3K","Redfish spp.",0.876715349442807,-0.353558869278983
2016,"2J3K","Redfish spp.",0.738157912408554,-0.815818303779085
2017,"2J3K","Redfish spp.",0.776875352039555,-0.678444388583511
2018,"2J3K","Redfish spp.",1.43568817224153,0.971799942600461
2019,"2J3K","Redfish spp.",0.691399446138275,-0.991666882569851
2020,"2J3K","Redfish spp.",1.20217031692715,0.49478475790498
2021,"2J3K","Redfish spp.",1.02431461989259,0.0645558500077564
1978,"2J3K","Skate spp.",1.11743442799305,0.737627806015485
1979,"2J3K","Skate spp.",1.17862149157755,1.09177672926124
1980,"2J3K","Skate spp.",1.09715531025983,0.615960511662078
1981,"2J3K","Skate spp.",0.960352889598537,-0.268746269349209
1982,"2J3K","Skate spp.",1.0957332237267,0.607344317727218
1983,"2J3K","Skate spp.",1.18604197294055,1.13347039695012
1984,"2J3K","Skate spp.",1.16691568436478,1.02546832296594
1985,"2J3K","Skate spp.",0.894412894747818,-0.741297438915712
1986,"2J3K","Skate spp.",1.13315963968606,0.830462933069498
1987,"2J3K","Skate spp.",0.914211334966513,-0.595850053861139
1988,"2J3K","Skate spp.",1.20709885865596,1.25037807341815
1989,"2J3K","Skate spp.",1.07454313463614,0.477615194771434
1990,"2J3K","Skate spp.",0.868436628950028,-0.937091200676078
1991,"2J3K","Skate spp.",0.677458138792745,-2.58690375694086
1992,"2J3K","Skate spp.",0.615012488465293,-3.22933361929115
1993,"2J3K","Skate spp.",0.816216708706311,-1.34906609309401
1994,"2J3K","Skate spp.",0.727019611587435,-2.11785753258522
1995,"2J3K","Skate spp.",1.2796017261884,1.637868281904
1996,"2J3K","Skate spp.",1.17404554376157,1.06593467219966
1997,"2J3K","Skate spp.",0.982042056253853,-0.120382002454221
1998,"2J3K","Skate spp.",1.06027709539123,0.388827146950847
1999,"2J3K","Skate spp.",1.1157694152585,0.72772187701157
2000,"2J3K","Skate spp.",0.997052648640463,-0.0196086931588614
2001,"2J3K","Skate spp.",0.941490237374083,-0.400525887505323
2002,"2J3K","Skate spp.",0.788683069638527,-1.57702903312768
2003,"2J3K","Skate spp.",0.770807387520333,-1.72933077163294
2004,"2J3K","Skate spp.",1.10951414394813,0.690373832011132
2005,"2J3K","Skate spp.",1.05975800879237,0.385574007269639
2006,"2J3K","Skate spp.",1.08928981186421,0.568164079797837
2007,"2J3K","Skate spp.",1.17680899119,1.08155289406246
2008,"2J3K","Skate spp.",0.880117431688292,-0.848333503939177
2009,"2J3K","Skate spp.",0.975519208991719,-0.164654027896173
2010,"2J3K","Skate spp.",0.900880419023349,-0.693433275729884
2011,"2J3K","Skate spp.",1.10081881880343,0.638105781282895
2012,"2J3K","Skate spp.",1.05584660205272,0.361009678158138
2013,"2J3K","Skate spp.",1.24891312282775,1.47660374283035
2014,"2J3K","Skate spp.",1.034096022648,0.222730087602519
2015,"2J3K","Skate spp.",0.955389983273834,-0.303165865360395
2016,"2J3K","Skate spp.",1.05781131352558,0.373359768758407
2017,"2J3K","Skate spp.",1.08099212706829,0.517365820465748
2018,"2J3K","Skate spp.",1.03892149555772,0.253657503300174
2019,"2J3K","Skate spp.",0.835587722360301,-1.19324739608182
2020,"2J3K","Skate spp.",1.04859384237834,0.31521929216493
2021,"2J3K","Skate spp.",1.00621013693472,0.0411274782057218
1978,"2J3K","Witch Flounder",1.27639154525833,0.769444254300492
1979,"2J3K","Witch Flounder",1.86392543578366,1.96331372494756
1980,"2J3K","Witch Flounder",1.32739966698633,0.892993538669937
1981,"2J3K","Witch Flounder",1.1441613546172,0.424618169588061
1982,"2J3K","Witch Flounder",1.13012233492924,0.385691328962675
1983,"2J3K","Witch Flounder",1.6059862628457,1.49368760646799
1984,"2J3K","Witch Flounder",1.31524691598322,0.863994068092104
1985,"2J3K","Witch Flounder",0.836000749877785,-0.564780334487834
1986,"2J3K","Witch Flounder",0.94540469655234,-0.177015326404274
1987,"2J3K","Witch Flounder",0.853838250854665,-0.498213745098269
1988,"2J3K","Witch Flounder",1.0006733804258,0.00212244187167487
1989,"2J3K","Witch Flounder",0.652897596104196,-1.34422654861634
1990,"2J3K","Witch Flounder",0.674444263759793,-1.24185318624004
1991,"2J3K","Witch Flounder",0.626765918733628,-1.47301691331119
1992,"2J3K","Witch Flounder",0.527860174827576,-2.01451543418079
1993,"2J3K","Witch Flounder",0.560176231352236,-1.8271652253985
1994,"2J3K","Witch Flounder",0.684214184571531,-1.19650710831324
1995,"2J3K","Witch Flounder",1.54434091005402,1.37027724691648
1996,"2J3K","Witch Flounder",1.57708885709697,1.4364376192693
1997,"2J3K","Witch Flounder",1.16617889252698,0.484715814242022
1998,"2J3K","Witch Flounder",1.08663526062473,0.261968682645917
1999,"2J3K","Witch Flounder",0.844069012644737,-0.534496730997131
2000,"2J3K","Witch Flounder",0.872041670317226,-0.431700214673867
2001,"2J3K","Witch Flounder",0.923760796488229,-0.25003815827577
2002,"2J3K","Witch Flounder",0.551237574741633,-1.87788266547418
2003,"2J3K","Witch Flounder",0.881252054733195,-0.398573484704447
2004,"2J3K","Witch Flounder",2.97663775113399,3.43925514103619
2005,"2J3K","Witch Flounder",1.14674423990768,0.431727842229371
2006,"2J3K","Witch Flounder",1.02949750305324,0.0916597802795067
2007,"2J3K","Witch Flounder",1.40352813894397,1.0688267554981
2008,"2J3K","Witch Flounder",0.897304704659227,-0.341656446457287
2009,"2J3K","Witch Flounder",1.16509010478001,0.481770698531643
2010,"2J3K","Witch Flounder",0.887463599048052,-0.376427507518681
2011,"2J3K","Witch Flounder",0.791364329215207,-0.737787786557742
2012,"2J3K","Witch Flounder",1.03472470153091,0.107628311357036
2013,"2J3K","Witch Flounder",1.38295202228782,1.02226097933407
2014,"2J3K","Witch Flounder",1.21907007774387,0.624568970510773
2015,"2J3K","Witch Flounder",1.19740849295023,0.56804008721813
2016,"2J3K","Witch Flounder",1.1182087017673,0.352276478124214
2017,"2J3K","Witch Flounder",0.958429435494889,-0.13387353359806
2018,"2J3K","Witch Flounder",1.23661685503854,0.669628147014068
2019,"2J3K","Witch Flounder",0.696500918633872,-1.14038999258375
2020,"2J3K","Witch Flounder",1.39563816011725,1.05105215773687
2021,"2J3K","Witch Flounder",1.04445296510357,0.137133499655243
1978,"2J3K","Wolffish spp.",1.28048159013305,0.78332270589221
1979,"2J3K","Wolffish spp.",1.375263519116,1.00956938364046
1980,"2J3K","Wolffish spp.",1.30937298088174,0.854014605380245
1981,"2J3K","Wolffish spp.",1.05428717856859,0.167492670343718
1982,"2J3K","Wolffish spp.",1.28310883746898,0.789816687218259
1983,"2J3K","Wolffish spp.",1.3357363789077,0.917172944362875
1984,"2J3K","Wolffish spp.",1.41396927408412,1.09750751319114
1985,"2J3K","Wolffish spp.",0.868606439612954,-0.446305373444523
1986,"2J3K","Wolffish spp.",1.22346558111028,0.639009759530882
1987,"2J3K","Wolffish spp.",0.825179210296676,-0.608806893525571
1988,"2J3K","Wolffish spp.",1.22067327873347,0.631770480385654
1989,"2J3K","Wolffish spp.",0.84108675401683,-0.548310350107808
1990,"2J3K","Wolffish spp.",0.79832824445946,-0.713617152000261
1991,"2J3K","Wolffish spp.",0.509925843308954,-2.13382942891866
1992,"2J3K","Wolffish spp.",0.476693771420965,-2.34734549454985
1993,"2J3K","Wolffish spp.",0.567162291696886,-1.79678333668533
1994,"2J3K","Wolffish spp.",0.417705375327927,-2.7658736367762
1995,"2J3K","Wolffish spp.",1.65750016063009,1.60098375688021
1996,"2J3K","Wolffish spp.",2.06034679657293,2.29029467499595
1997,"2J3K","Wolffish spp.",1.19050755858862,0.552490207092299
1998,"2J3K","Wolffish spp.",1.01943360551939,0.0609811731345294
1999,"2J3K","Wolffish spp.",1.09399032152042,0.284615761329863
2000,"2J3K","Wolffish spp.",0.767124876616188,-0.839938715951828
2001,"2J3K","Wolffish spp.",0.887136486725388,-0.37942629409024
2002,"2J3K","Wolffish spp.",0.51710350828492,-2.08954347915488
2003,"2J3K","Wolffish spp.",0.655638394314542,-1.33749175554063
2004,"2J3K","Wolffish spp.",2.20497648720541,2.50524128365418
2005,"2J3K","Wolffish spp.",1.16198437851971,0.475656878664354
2006,"2J3K","Wolffish spp.",1.05035228949072,0.155645521240818
2007,"2J3K","Wolffish spp.",1.27685277030804,0.774331110678134
2008,"2J3K","Wolffish spp.",0.813861951645577,-0.652560801357623
2009,"2J3K","Wolffish spp.",1.10212074877501,0.308075308009169
2010,"2J3K","Wolffish spp.",0.993528102813979,-0.0205716599661662
2011,"2J3K","Wolffish spp.",1.22640072103838,0.646601567223416
2012,"2J3K","Wolffish spp.",0.976017866666007,-0.0769089416934698
2013,"2J3K","Wolffish spp.",1.28539705148204,0.79546182770449
2014,"2J3K","Wolffish spp.",0.979456568489542,-0.0657659607356237
2015,"2J3K","Wolffish spp.",0.866718540723941,-0.453199141194426
2016,"2J3K","Wolffish spp.",0.978462330655864,-0.0689837247351165
2017,"2J3K","Wolffish spp.",0.978812471610758,-0.0678501512585644
2018,"2J3K","Wolffish spp.",1.00659362279923,0.0208221129827667
2019,"2J3K","Wolffish spp.",0.613916628783074,-1.54580943686225
2020,"2J3K","Wolffish spp.",1.48202141488672,1.24643784325327
2021,"2J3K","Wolffish spp.",1.05266898350348,0.162625976542698
1976,"3LNO","American Plaice",1.10315852304876,0.739969770628997
1977,"3LNO","American Plaice",1.17939973430663,1.243657918033
1978,"3LNO","American Plaice",0.949204588026179,-0.392914112286135
1979,"3LNO","American Plaice",1.03764383792008,0.278514147791623
1980,"3LNO","American Plaice",1.04139350006309,0.305701226640777
1981,"3LNO","American Plaice",0.984327269910908,-0.119061845885142
1982,"3LNO","American Plaice",0.940761586793493,-0.460254860412935
1983,"3LNO","American Plaice",1.12694315348548,0.900745481265499
1984,"3LNO","American Plaice",1.22131699687233,1.506883660767
1985,"3LNO","American Plaice",1.18466470230354,1.27722931169435
1986,"3LNO","American Plaice",1.0981946523638,0.705978789730661
1987,"3LNO","American Plaice",1.09929142605793,0.713502345695594
1988,"3LNO","American Plaice",1.01152417828459,0.0863618008122533
1989,"3LNO","American Plaice",0.844752965337641,-1.27158601134104
1990,"3LNO","American Plaice",0.717893958398668,-2.49803499251637
1991,"3LNO","American Plaice",0.625496447820575,-3.53646322436108
1992,"3LNO","American Plaice",0.613169349148409,-3.68648465117536
1993,"3LNO","American Plaice",0.681964085313699,-2.88502460582445
1994,"3LNO","American Plaice",0.63438295608044,-3.43013670391183
1995,"3LNO","American Plaice",0.864159012786693,-1.10039999292273
1996,"3LNO","American Plaice",0.905613292961496,-0.747246378086766
1997,"3LNO","American Plaice",1.01805450881415,0.134864174718099
1998,"3LNO","American Plaice",1.0871580444217,0.629849812368693
1999,"3LNO","American Plaice",1.11170354800618,0.798126641462878
2000,"3LNO","American Plaice",1.07258263859016,0.528117745766409
2001,"3LNO","American Plaice",0.903643504427114,-0.763658010859436
2002,"3LNO","American Plaice",0.8662066697578,-1.08256176369989
2003,"3LNO","American Plaice",0.920991191289219,-0.620336638407326
2004,"3LNO","American Plaice",0.952912414279043,-0.363529841037826
2005,"3LNO","American Plaice",1.00404143319241,0.0303991558047618
2006,"3LNO","American Plaice",0.978024117871332,-0.167480724451257
2007,"3LNO","American Plaice",1.07226751542941,0.525903042238992
2008,"3LNO","American Plaice",1.0215836482954,0.160946623024518
2009,"3LNO","American Plaice",0.836382885371694,-1.34663807059784
2010,"3LNO","American Plaice",0.94267000944265,-0.444980709202593
2011,"3LNO","American Plaice",1.03094641375778,0.229708837847041
2012,"3LNO","American Plaice",1.08399478459278,0.607887553544416
2013,"3LNO","American Plaice",1.17654538639566,1.22539483150344
2014,"3LNO","American Plaice",0.89775702209652,-0.812916300940869
2015,"3LNO","American Plaice",0.793512143685717,-1.74322077689732
2016,"3LNO","American Plaice",0.853942394785846,-1.19003872555121
2017,"3LNO","American Plaice",0.963302359763563,-0.281795311459011
2018,"3LNO","American Plaice",1.02623275759083,0.19516912135714
2019,"3LNO","American Plaice",0.953172734720699,-0.361471116673661
2020,"3LNO","American Plaice",1.12397715351629,0.880882542622511
2021,"3LNO","American Plaice",1.06494371996681,0.4742468148641
1976,"3LNO","Atlantic Cod",1.19580943480792,0.784017639009908
1977,"3LNO","Atlantic Cod",1.36996853850196,1.38012864057185
1978,"3LNO","Atlantic Cod",1.12512872999782,0.516899537716161
1979,"3LNO","Atlantic Cod",1.28993705787662,1.11621767187571
1980,"3LNO","Atlantic Cod",1.12844516538041,0.529803757652446
1981,"3LNO","Atlantic Cod",1.07128166050814,0.301885249709224
1982,"3LNO","Atlantic Cod",1.10092552371918,0.421557160100218
1983,"3LNO","Atlantic Cod",1.31856573268433,1.21245844085463
1984,"3LNO","Atlantic Cod",1.42837429620433,1.56317012240135
1985,"3LNO","Atlantic Cod",1.33075720442333,1.25280959940895
1986,"3LNO","Atlantic Cod",1.19356135185394,0.775767512323204
1987,"3LNO","Atlantic Cod",1.23046174805711,0.909260831532675
1988,"3LNO","Atlantic Cod",1.1567987857045,0.638604020453797
1989,"3LNO","Atlantic Cod",0.948521638248951,-0.231713994136539
1990,"3LNO","Atlantic Cod",0.841927968867494,-0.754368749497107
1991,"3LNO","Atlantic Cod",0.671790338581672,-1.74411973706016
1992,"3LNO","Atlantic Cod",0.550395932025364,-2.61795046702501
1993,"3LNO","Atlantic Cod",0.515574197903825,-2.90449466436583
1994,"3LNO","Atlantic Cod",0.411795776554187,-3.88988554418016
1995,"3LNO","Atlantic Cod",0.633891013141613,-1.99871364019612
1996,"3LNO","Atlantic Cod",0.691501183104359,-1.61733164416743
1997,"3LNO","Atlantic Cod",1.08255429306827,0.347778456018704
1998,"3LNO","Atlantic Cod",1.22982169934385,0.906979651296917
1999,"3LNO","Atlantic Cod",1.4255090408153,1.55436654930605
2000,"3LNO","Atlantic Cod",1.13651325962209,0.561038956210936
2001,"3LNO","Atlantic Cod",0.770789621287582,-1.14141162084254
2002,"3LNO","Atlantic Cod",0.687830168512716,-1.6406689240557
2003,"3LNO","Atlantic Cod",0.736191203125822,-1.34276389873486
2004,"3LNO","Atlantic Cod",0.894568509613709,-0.488473103299657
2005,"3LNO","Atlantic Cod",1.1087980012039,0.452796872838851
2006,"3LNO","Atlantic Cod",1.21058027810394,0.837841703371746
2007,"3LNO","Atlantic Cod",1.39076795917222,1.44619284439332
2008,"3LNO","Atlantic Cod",1.20484320572214,0.817014566660216
2009,"3LNO","Atlantic Cod",0.938342214611352,-0.279020246451826
2010,"3LNO","Atlantic Cod",0.845577173193306,-0.735406691986935
2011,"3LNO","Atlantic Cod",1.03232645002802,0.139486726327632
2012,"3LNO","Atlantic Cod",1.29473217638913,1.13248538767244
2013,"3LNO","Atlantic Cod",1.36470806545584,1.36326112706741
2014,"3LNO","Atlantic Cod",0.987539858840664,-0.0549723763946303
2015,"3LNO","Atlantic Cod",0.746575734263495,-1.28135196024429
2016,"3LNO","Atlantic Cod",0.756786975321129,-1.22179217263748
2017,"3LNO","Atlantic Cod",0.910114612943559,-0.412935527634247
2018,"3LNO","Atlantic Cod",0.964667717151531,-0.15771068642648
2019,"3LNO","Atlantic Cod",0.92725610049367,-0.331127480699571
2020,"3LNO","Atlantic Cod",1.16543581787943,0.6712171258592
2021,"3LNO","Atlantic Cod",1.08591491461875,0.361367797202588
1976,"3LNO","Greenland Halibut",1.12153932314584,0.369978803336787
1977,"3LNO","Greenland Halibut",1.25066872260671,0.721488401365778
1978,"3LNO","Greenland Halibut",0.89785773674912,-0.347533759787213
1979,"3LNO","Greenland Halibut",1.01383894612484,0.0443323188293695
1980,"3LNO","Greenland Halibut",1.10887012329448,0.333334658542113
1981,"3LNO","Greenland Halibut",1.01394997963861,0.0446855562180985
1982,"3LNO","Greenland Halibut",0.860957796194915,-0.482898150991203
1983,"3LNO","Greenland Halibut",1.19592850488848,0.577126745757937
1984,"3LNO","Greenland Halibut",1.4214471369125,1.13435085019086
1985,"3LNO","Greenland Halibut",1.50626624105042,1.32129935726067
1986,"3LNO","Greenland Halibut",1.54625089423037,1.40580688411282
1987,"3LNO","Greenland Halibut",1.53864093447997,1.38989291067002
1988,"3LNO","Greenland Halibut",1.18439087338718,0.545857301598715
1989,"3LNO","Greenland Halibut",0.811520760490864,-0.673643399074151
1990,"3LNO","Greenland Halibut",0.508875670389737,-2.17903311643481
1991,"3LNO","Greenland Halibut",0.383975221933585,-3.08743414408668
1992,"3LNO","Greenland Halibut",0.534402617688536,-2.02115543792111
1993,"3LNO","Greenland Halibut",0.834345395922373,-0.584174414989164
1994,"3LNO","Greenland Halibut",1.10394556797461,0.318977852821273
1995,"3LNO","Greenland Halibut",1.54448068233556,1.4021120125935
1996,"3LNO","Greenland Halibut",1.14923863376223,0.448674531967154
1997,"3LNO","Greenland Halibut",0.838018473483267,-0.570005540621216
1998,"3LNO","Greenland Halibut",0.844465196148957,-0.545286843066509
1999,"3LNO","Greenland Halibut",0.567521964221042,-1.82720264319562
2000,"3LNO","Greenland Halibut",0.622355940378075,-1.52970030132352
2001,"3LNO","Greenland Halibut",0.603053867443036,-1.63132373159471
2002,"3LNO","Greenland Halibut",0.632023814447501,-1.47997861187068
2003,"3LNO","Greenland Halibut",0.892890690845441,-0.365427455068912
2004,"3LNO","Greenland Halibut",0.914985024098393,-0.286583340429656
2005,"3LNO","Greenland Halibut",0.889066465031729,-0.379272114149849
2006,"3LNO","Greenland Halibut",0.745622780380019,-0.946816701402484
2007,"3LNO","Greenland Halibut",0.826703140084053,-0.613855354405108
2008,"3LNO","Greenland Halibut",0.839549616969453,-0.564117494767435
2009,"3LNO","Greenland Halibut",0.582396025695143,-1.74375342837822
2010,"3LNO","Greenland Halibut",1.01044793774992,0.0335256327515389
2011,"3LNO","Greenland Halibut",1.17582869904538,0.522454443855531
2012,"3LNO","Greenland Halibut",1.03050810099497,0.0969345192358555
2013,"3LNO","Greenland Halibut",1.25548334523902,0.733881807910539
2014,"3LNO","Greenland Halibut",0.815633349928337,-0.657338319548626
2015,"3LNO","Greenland Halibut",0.882877629578789,-0.401803920742357
2016,"3LNO","Greenland Halibut",1.19880771080366,0.584882974016441
2017,"3LNO","Greenland Halibut",1.09918778100497,0.305046278002271
2018,"3LNO","Greenland Halibut",1.19268755969913,0.568373665059023
2019,"3LNO","Greenland Halibut",0.924909418936088,-0.251785630232997
2020,"3LNO","Greenland Halibut",1.11943571980342,0.363923132113925
2021,"3LNO","Greenland Halibut",1.06262496849516,0.1959278086628
1976,"3LNO","Haddock",1.19636145843546,0.858002702259753
1977,"3LNO","Haddock",1.41877349648496,1.67400182102383
1978,"3LNO","Haddock",1.27373560932644,1.15791832078648
1979,"3LNO","Haddock",1.40812979932362,1.63796398452461
1980,"3LNO","Haddock",1.26979998923313,1.14310846611941
1981,"3LNO","Haddock",1.20182837471597,0.879821696074767
1982,"3LNO","Haddock",1.16217241896459,0.719247171061402
1983,"3LNO","Haddock",1.30559767571552,1.27615811585103
1984,"3LNO","Haddock",1.36344632573081,1.48364020607312
1985,"3LNO","Haddock",1.27382006125439,1.15823561414861
1986,"3LNO","Haddock",1.26093075153788,1.10956428202359
1987,"3LNO","Haddock",1.27868827845015,1.17649046984028
1988,"3LNO","Haddock",1.13219592819741,0.59418744811862
1989,"3LNO","Haddock",0.980780972355734,-0.0928717622448608
1990,"3LNO","Haddock",0.890726314230207,-0.553791481296167
1991,"3LNO","Haddock",0.746518009113414,-1.39902900596473
1992,"3LNO","Haddock",0.732837756711864,-1.48754239361496
1993,"3LNO","Haddock",0.769337977035387,-1.25492866823249
1994,"3LNO","Haddock",0.694218899593857,-1.74662565439256
1995,"3LNO","Haddock",0.890661766646607,-0.554138295238161
1996,"3LNO","Haddock",0.839553815062626,-0.836945009068161
1997,"3LNO","Haddock",1.11918236609682,0.538861654519297
1998,"3LNO","Haddock",1.16373121841556,0.725661831804948
1999,"3LNO","Haddock",1.14167512949148,0.634088425031378
2000,"3LNO","Haddock",0.909972902228421,-0.451484748790606
2001,"3LNO","Haddock",0.65438011377507,-2.02945517412733
2002,"3LNO","Haddock",0.569288675574287,-2.69610622456201
2003,"3LNO","Haddock",0.622579473454711,-2.26786470722155
2004,"3LNO","Haddock",0.749058757103478,-1.38276871173428
2005,"3LNO","Haddock",0.878853462767065,-0.61801092011197
2006,"3LNO","Haddock",1.00593483000808,0.0283183426911694
2007,"3LNO","Haddock",1.15774061687392,0.700962620815254
2008,"3LNO","Haddock",1.07698715036877,0.354942949168741
2009,"3LNO","Haddock",0.891745117424087,-0.548320781692895
2010,"3LNO","Haddock",0.872861192644245,-0.650752890717358
2011,"3LNO","Haddock",0.990920792618881,-0.043648775585672
2012,"3LNO","Haddock",1.09233250528865,0.42265028595213
2013,"3LNO","Haddock",1.13635834553209,0.611749369803481
2014,"3LNO","Haddock",0.875253614197969,-0.637653740355211
2015,"3LNO","Haddock",0.720325387363657,-1.56995829549894
2016,"3LNO","Haddock",0.720445138766039,-1.5691627575621
2017,"3LNO","Haddock",0.77171109296927,-1.24018933179532
2018,"3LNO","Haddock",0.79992418181663,-1.06835077072463
2019,"3LNO","Haddock",0.803670313709399,-1.04599115176833
2020,"3LNO","Haddock",0.996903959615578,-0.0148396920266548
2021,"3LNO","Haddock",0.99833197044388,-0.00798934742360011
1976,"3LNO","Redfish spp.",1.07417200915099,0.456512151258112
1977,"3LNO","Redfish spp.",1.1884806530206,1.10172485715786
1978,"3LNO","Redfish spp.",1.19305287946175,1.12622357798007
1979,"3LNO","Redfish spp.",1.24968898825934,1.42213757969518
1980,"3LNO","Redfish spp.",1.1801799474985,1.05700650479378
1981,"3LNO","Redfish spp.",1.17411659360173,1.0241421918085
1982,"3LNO","Redfish spp.",1.15551414758636,0.922244571833078
1983,"3LNO","Redfish spp.",1.18720416125933,1.09486837924404
1984,"3LNO","Redfish spp.",1.20839056126613,1.20772498598104
1985,"3LNO","Redfish spp.",1.19885264413131,1.15716491288295
1986,"3LNO","Redfish spp.",1.25113696031505,1.4295259492017
1987,"3LNO","Redfish spp.",1.25899555435899,1.46947638024246
1988,"3LNO","Redfish spp.",1.15862541491678,0.939400723953911
1989,"3LNO","Redfish spp.",1.08210518250795,0.503460050102661
1990,"3LNO","Redfish spp.",1.02322784791242,0.146505897224837
1991,"3LNO","Redfish spp.",0.921840095477808,-0.519252058791784
1992,"3LNO","Redfish spp.",0.971340389050137,-0.185528706090059
1993,"3LNO","Redfish spp.",0.993357425379177,-0.0425230802707082
1994,"3LNO","Redfish spp.",1.00175815442644,0.0112077224852856
1995,"3LNO","Redfish spp.",1.03723284008303,0.233241434038808
1996,"3LNO","Redfish spp.",0.878818976492208,-0.824185257371222
1997,"3LNO","Redfish spp.",0.96911630519101,-0.200154492898092
1998,"3LNO","Redfish spp.",0.975663982275003,-0.157191928596955
1999,"3LNO","Redfish spp.",0.883997123994617,-0.786701725691431
2000,"3LNO","Redfish spp.",0.781507600209645,-1.57294065241305
2001,"3LNO","Redfish spp.",0.683346290906293,-2.42932596338018
2002,"3LNO","Redfish spp.",0.662725297867784,-2.62482617881896
2003,"3LNO","Redfish spp.",0.750198656400259,-1.83381133349485
2004,"3LNO","Redfish spp.",0.881460609581188,-0.805035511520853
2005,"3LNO","Redfish spp.",0.97697884644096,-0.148599221864533
2006,"3LNO","Redfish spp.",1.08647157507113,0.529153381104278
2007,"3LNO","Redfish spp.",1.18294275170805,1.07192537309447
2008,"3LNO","Redfish spp.",1.16645829426249,0.982389623872941
2009,"3LNO","Redfish spp.",1.05769989755139,0.35791402603431
2010,"3LNO","Redfish spp.",1.01405209975664,0.0890326737053809
2011,"3LNO","Redfish spp.",1.06998409326672,0.431588369078823
2012,"3LNO","Redfish spp.",1.08072629722775,0.49532467920855
2013,"3LNO","Redfish spp.",1.08115322823187,0.497844664796888
2014,"3LNO","Redfish spp.",0.960293896907348,-0.258504035171575
2015,"3LNO","Redfish spp.",0.862137436597642,-0.946459048251606
2016,"3LNO","Redfish spp.",0.826345218002901,-1.21699745202561
2017,"3LNO","Redfish spp.",0.781974338694041,-1.56913128729308
2018,"3LNO","Redfish spp.",0.797028558789114,-1.44746777817402
2019,"3LNO","Redfish spp.",0.826906662988333,-1.21266393962603
2020,"3LNO","Redfish spp.",0.913286538715778,-0.57872996797905
2021,"3LNO","Redfish spp.",0.952339393036474,-0.311574847602099
1976,"3LNO","Skate spp.",0.991151355866336,-0.0768075737979594
1977,"3LNO","Skate spp.",0.954453644886952,-0.40284281473707
1978,"3LNO","Skate spp.",0.834519523129106,-1.5632744921154
1979,"3LNO","Skate spp.",0.904398809576676,-0.86835907240826
1980,"3LNO","Skate spp.",0.916201859113692,-0.756308430515815
1981,"3LNO","Skate spp.",0.917387716221879,-0.745130561329424
1982,"3LNO","Skate spp.",0.958585997427968,-0.365508962587279
1983,"3LNO","Skate spp.",1.07549143098698,0.628922419190626
1984,"3LNO","Skate spp.",1.12401748043595,1.01029408231752
1985,"3LNO","Skate spp.",1.08060400275338,0.669905158523441
1986,"3LNO","Skate spp.",0.971090762914986,-0.253506957794936
1987,"3LNO","Skate spp.",0.983538102655177,-0.143442565912023
1988,"3LNO","Skate spp.",1.01737070865958,0.148823423717726
1989,"3LNO","Skate spp.",0.925491463251952,-0.669129344881783
1990,"3LNO","Skate spp.",0.874039472008495,-1.1634286376255
1991,"3LNO","Skate spp.",0.80634939581708,-1.86002148437637
1992,"3LNO","Skate spp.",0.700583326810638,-3.07507634700308
1993,"3LNO","Skate spp.",0.694104877610432,-3.15535975237934
1994,"3LNO","Skate spp.",0.647239230055931,-3.75947523286442
1995,"3LNO","Skate spp.",0.832556412420067,-1.58362701926495
1996,"3LNO","Skate spp.",0.929866987479451,-0.628369567476552
1997,"3LNO","Skate spp.",1.08059589378668,0.669840310116572
1998,"3LNO","Skate spp.",1.13609807857598,1.10267678447523
1999,"3LNO","Skate spp.",1.22769501294428,1.77274300788017
2000,"3LNO","Skate spp.",1.18258766975479,1.44925460995148
2001,"3LNO","Skate spp.",1.03940392577808,0.333978896100592
2002,"3LNO","Skate spp.",0.995958832293579,-0.0349932774395792
2003,"3LNO","Skate spp.",1.02526159418251,0.215591127387667
2004,"3LNO","Skate spp.",1.07303613593013,0.609171301334122
2005,"3LNO","Skate spp.",1.15484307062929,1.2440964325135
2006,"3LNO","Skate spp.",1.09824649469657,0.809854455011802
2007,"3LNO","Skate spp.",1.10928385759088,0.896269824153868
2008,"3LNO","Skate spp.",0.994816302827768,-0.044912416561097
2009,"3LNO","Skate spp.",0.890001700540856,-1.00703272710211
2010,"3LNO","Skate spp.",0.954995084529606,-0.397941971706784
2011,"3LNO","Skate spp.",1.06679715795571,0.558779083248325
2012,"3LNO","Skate spp.",1.18284901715819,1.45116418000512
2013,"3LNO","Skate spp.",1.18688458767331,1.48059718235806
2014,"3LNO","Skate spp.",1.01698120687061,0.14551430679871
2015,"3LNO","Skate spp.",0.913213910235365,-0.784537064512606
2016,"3LNO","Skate spp.",0.945428087521664,-0.484949678418622
2017,"3LNO","Skate spp.",1.04687444374355,0.395867266544651
2018,"3LNO","Skate spp.",1.08528197441884,0.707234592519357
2019,"3LNO","Skate spp.",1.00172965693218,0.0149342490161345
2020,"3LNO","Skate spp.",1.10688329551676,0.87754838076806
2021,"3LNO","Skate spp.",1.05619330059483,0.472451779133601
1976,"3LNO","Yellowtail Flounder",1.00321665018665,0.0717125801421035
1977,"3LNO","Yellowtail Flounder",0.999275976641061,-0.0161733100424349
1978,"3LNO","Yellowtail Flounder",0.965771592269844,-0.777708061743849
1979,"3LNO","Yellowtail Flounder",0.981346704063187,-0.420462237966906
1980,"3LNO","Yellowtail Flounder",0.99042026533491,-0.214946863186586
1981,"3LNO","Yellowtail Flounder",0.980381690909056,-0.442431398009814
1982,"3LNO","Yellowtail Flounder",0.977126861669182,-0.516689527169214
1983,"3LNO","Yellowtail Flounder",1.00227826609721,0.0508158581703669
1984,"3LNO","Yellowtail Flounder",1.00608593785009,0.135487233294868
1985,"3LNO","Yellowtail Flounder",0.985051971313272,-0.336309637401961
1986,"3LNO","Yellowtail Flounder",0.965173408289405,-0.791543214256998
1987,"3LNO","Yellowtail Flounder",0.96374735865576,-0.824560349936588
1988,"3LNO","Yellowtail Flounder",0.965434794875669,-0.785496656369532
1989,"3LNO","Yellowtail Flounder",0.959107215378874,-0.932332080523133
1990,"3LNO","Yellowtail Flounder",0.960253678273649,-0.905655971987894
1991,"3LNO","Yellowtail Flounder",0.958308284564093,-0.950940608779101
1992,"3LNO","Yellowtail Flounder",0.942978244622002,-1.3110414944706
1993,"3LNO","Yellowtail Flounder",0.962356414417864,-0.856811794809697
1994,"3LNO","Yellowtail Flounder",0.938517145244937,-1.41693238869365
1995,"3LNO","Yellowtail Flounder",0.98839394964442,-0.26067897959679
1996,"3LNO","Yellowtail Flounder",1.03068258371919,0.674841837208138
1997,"3LNO","Yellowtail Flounder",1.06592721294936,1.42566093646405
1998,"3LNO","Yellowtail Flounder",1.06508782344384,1.408069710545
1999,"3LNO","Yellowtail Flounder",1.08361713408398,1.79320410473024
2000,"3LNO","Yellowtail Flounder",1.06572670946477,1.42146021108121
2001,"3LNO","Yellowtail Flounder",1.01981719012249,0.438190553341662
2002,"3LNO","Yellowtail Flounder",0.981963350051912,-0.406435195975508
2003,"3LNO","Yellowtail Flounder",0.966523573884245,-0.760327938987003
2004,"3LNO","Yellowtail Flounder",0.958920442142481,-0.936680974730497
2005,"3LNO","Yellowtail Flounder",0.962166361749531,-0.861222113576569
2006,"3LNO","Yellowtail Flounder",0.959491292485537,-0.923391753859573
2007,"3LNO","Yellowtail Flounder",0.965518341702762,-0.783564344194543
2008,"3LNO","Yellowtail Flounder",0.949196190501621,-1.16428193714574
2009,"3LNO","Yellowtail Flounder",0.939325015307316,-1.39771910839675
2010,"3LNO","Yellowtail Flounder",0.97752772188242,-0.507530654956073
2011,"3LNO","Yellowtail Flounder",0.987270361536103,-0.286077773198455
2012,"3LNO","Yellowtail Flounder",0.994706612765603,-0.118515381923552
2013,"3LNO","Yellowtail Flounder",0.991327932274756,-0.194491973650753
2014,"3LNO","Yellowtail Flounder",0.954587214807759,-1.03781588063318
2015,"3LNO","Yellowtail Flounder",0.932019738182575,-1.57206196610023
2016,"3LNO","Yellowtail Flounder",0.937440522613849,-1.44256303638069
2017,"3LNO","Yellowtail Flounder",0.973145320369116,-0.607864504668565
2018,"3LNO","Yellowtail Flounder",0.98194872849018,-0.406767695312541
2019,"3LNO","Yellowtail Flounder",0.974269050525388,-0.582094008752152
2020,"3LNO","Yellowtail Flounder",1.00903866760227,0.200926913393395
2021,"3LNO","Yellowtail Flounder",1.0048561022998,0.108174409293438
1972,"3Ps","American Plaice",1.00039554831688,0.0565615992907268
1973,"3Ps","American Plaice",1.00017968381391,0.0256967358511361
1974,"3Ps","American Plaice",1.00144204599154,0.206098191688185
1975,"3Ps","American Plaice",1.00077630110697,0.110986385068408
1976,"3Ps","American Plaice",1.00034308088044,0.0490602825900508
1977,"3Ps","American Plaice",0.999367260693437,-0.0905253611247918
1978,"3Ps","American Plaice",0.998886145011487,-0.159396453763038
1979,"3Ps","American Plaice",0.999435893869459,-0.0807033124040186
1980,"3Ps","American Plaice",0.999488813300885,-0.0731305078705431
1981,"3Ps","American Plaice",0.998568895070053,-0.204828526931703
1982,"3Ps","American Plaice",0.998892216646006,-0.158527100416685
1983,"3Ps","American Plaice",1.00087590181915,0.125219889432942
1984,"3Ps","American Plaice",1.00334340259616,0.477388213217977
1985,"3Ps","American Plaice",1.00521031448257,0.743263828790823
1986,"3Ps","American Plaice",1.00444783226976,0.634734888265972
1987,"3Ps","American Plaice",1.00129293217614,0.184800505962237
1988,"3Ps","American Plaice",1.00006710262411,0.00959694379090341
1989,"3Ps","American Plaice",0.996359275473702,-0.521660090777935
1990,"3Ps","American Plaice",0.995725323169654,-0.612690571251617
1991,"3Ps","American Plaice",0.995702933264595,-0.615906642049082
1992,"3Ps","American Plaice",0.993728298315823,-0.899826679705236
1993,"3Ps","American Plaice",0.994335166420736,-0.812509018270067
1994,"3Ps","American Plaice",0.995915682630918,-0.585350387910212
1995,"3Ps","American Plaice",0.99886868246971,-0.161896818025416
1996,"3Ps","American Plaice",0.998788460574733,-0.173383906811863
1997,"3Ps","American Plaice",0.999076235895067,-0.132181224478942
1998,"3Ps","American Plaice",1.00006936726082,0.00992081842034453
1999,"3Ps","American Plaice",1.00264687987291,0.378066432906064
2000,"3Ps","American Plaice",1.00097602234734,0.139526250979164
2001,"3Ps","American Plaice",0.999505886533634,-0.0706874028744353
2002,"3Ps","American Plaice",1.00011740465376,0.0167906626931484
2003,"3Ps","American Plaice",1.00019530716377,0.0279308263182615
2004,"3Ps","American Plaice",1.00172968373935,0.247172070149884
2005,"3Ps","American Plaice",1.00191224701115,0.273235484801738
2006,"3Ps","American Plaice",1.00272238125952,0.388836008470529
2007,"3Ps","American Plaice",1.00269755011044,0.385294163857578
2008,"3Ps","American Plaice",0.999503420826724,-0.0710402321798401
2009,"3Ps","American Plaice",0.999612794256927,-0.0553903235957109
2010,"3Ps","American Plaice",1.00240387663898,0.343398759379315
2011,"3Ps","American Plaice",1.00216098228135,0.30873821899482
2012,"3Ps","American Plaice",0.999441313452169,-0.0799277482174499
2013,"3Ps","American Plaice",0.999664767068682,-0.0479542935661643
2014,"3Ps","American Plaice",1.00066985446984,0.0957729933103159
2015,"3Ps","American Plaice",1.00072314400184,0.103389354717097
2016,"3Ps","American Plaice",1.00166775501583,0.238329815299812
2017,"3Ps","American Plaice",1.00180228934595,0.257538086619288
2018,"3Ps","American Plaice",1.00100560172348,0.143752615353899
2019,"3Ps","American Plaice",0.999846523233378,-0.0219525001214921
2020,"3Ps","American Plaice",0.999965106733864,-0.0049906512013522
1972,"3Ps","Atlantic Cod",1.00072598982638,0.0795387932079471
1973,"3Ps","Atlantic Cod",1.00036034622333,0.0394864235763425
1974,"3Ps","Atlantic Cod",1.00299637161429,0.327907909833701
1975,"3Ps","Atlantic Cod",1.00204207203146,0.223580573281766
1976,"3Ps","Atlantic Cod",1.00129429286627,0.141761310211472
1977,"3Ps","Atlantic Cod",0.999330395315093,-0.0734124957321801
1978,"3Ps","Atlantic Cod",0.998186758167777,-0.198909639266783
1979,"3Ps","Atlantic Cod",0.99906220526667,-0.102829463568449
1980,"3Ps","Atlantic Cod",0.999015065347373,-0.108000916932844
1981,"3Ps","Atlantic Cod",0.997657117336318,-0.257078553911488
1982,"3Ps","Atlantic Cod",0.998219187398891,-0.195349033797507
1983,"3Ps","Atlantic Cod",1.00176966378419,0.193781730692618
1984,"3Ps","Atlantic Cod",1.00695712156883,0.759852497545995
1985,"3Ps","Atlantic Cod",1.01035407120069,1.1289598337285
1986,"3Ps","Atlantic Cod",1.00912540998773,0.995598842606096
1987,"3Ps","Atlantic Cod",1.00311674107223,0.341060065667222
1988,"3Ps","Atlantic Cod",1.00069613767709,0.0762693562677778
1989,"3Ps","Atlantic Cod",0.993367428354407,-0.729343727672598
1990,"3Ps","Atlantic Cod",0.992249906222453,-0.852710067691229
1991,"3Ps","Atlantic Cod",0.992035157134727,-0.876432724353049
1992,"3Ps","Atlantic Cod",0.988778952012917,-1.23676609384919
1993,"3Ps","Atlantic Cod",0.990177236753485,-1.08188601246298
1994,"3Ps","Atlantic Cod",0.992664179150168,-0.806961141632969
1995,"3Ps","Atlantic Cod",0.997613930486335,-0.261823001841641
1996,"3Ps","Atlantic Cod",0.997159488094689,-0.311759873173229
1997,"3Ps","Atlantic Cod",0.997827236643484,-0.238391478562154
1998,"3Ps","Atlantic Cod",0.999075243884523,-0.101399113784422
1999,"3Ps","Atlantic Cod",1.00453728048976,0.496156047304073
2000,"3Ps","Atlantic Cod",1.0017560640665,0.192293840000978
2001,"3Ps","Atlantic Cod",0.999046090412125,-0.1045973054737
2002,"3Ps","Atlantic Cod",0.999853350397661,-0.0160738087924624
2003,"3Ps","Atlantic Cod",0.999117963673351,-0.0967128397988075
2004,"3Ps","Atlantic Cod",1.00184092453183,0.201577753731925
2005,"3Ps","Atlantic Cod",1.00194291241339,0.212734402464195
2006,"3Ps","Atlantic Cod",1.00385260267317,0.42142960500067
2007,"3Ps","Atlantic Cod",1.00393391944365,0.430307267799653
2008,"3Ps","Atlantic Cod",0.998109844449486,-0.207354933736789
2009,"3Ps","Atlantic Cod",0.999128974626084,-0.0955049931478676
2010,"3Ps","Atlantic Cod",1.0045983494521,0.502818702565408
2011,"3Ps","Atlantic Cod",1.00429672944947,0.469907864237454
2012,"3Ps","Atlantic Cod",0.999576228746215,-0.0464546927483147
2013,"3Ps","Atlantic Cod",0.999955438454931,-0.00488400363885879
2014,"3Ps","Atlantic Cod",1.00120269689024,0.131735012857675
2015,"3Ps","Atlantic Cod",1.00159526666007,0.174700107727529
2016,"3Ps","Atlantic Cod",1.00333898170887,0.365339018486368
2017,"3Ps","Atlantic Cod",1.00287989446279,0.315179543701296
2018,"3Ps","Atlantic Cod",1.00128998869347,0.141290186509996
2019,"3Ps","Atlantic Cod",0.999597957167473,-0.0440722987053962
2020,"3Ps","Atlantic Cod",0.999908585935372,-0.010019335805111
1972,"3Ps","Haddock",1.00107098578931,0.0919173901717985
1973,"3Ps","Haddock",1.00038819120499,0.0333278919826997
1974,"3Ps","Haddock",1.00433421510092,0.371379072947477
1975,"3Ps","Haddock",1.00273621472565,0.234640580860314
1976,"3Ps","Haddock",1.00131920078463,0.113206413554074
1977,"3Ps","Haddock",0.998041916854142,-0.168307358246521
1978,"3Ps","Haddock",0.996032720120755,-0.341351790696613
1979,"3Ps","Haddock",0.997489543421159,-0.215846424230065
1980,"3Ps","Haddock",0.997665745049441,-0.200679076452737
1981,"3Ps","Haddock",0.995803965854887,-0.361075650487551
1982,"3Ps","Haddock",0.997367285659771,-0.226371885515372
1983,"3Ps","Haddock",1.00307510595558,0.263657191762874
1984,"3Ps","Haddock",1.01109032359404,0.947094848458898
1985,"3Ps","Haddock",1.01618858553484,1.37899761760176
1986,"3Ps","Haddock",1.01424474156958,1.21457966715737
1987,"3Ps","Haddock",1.00482082858755,0.412974647547906
1988,"3Ps","Haddock",1.00116718240723,0.100168654461155
1989,"3Ps","Haddock",0.989989311395832,-0.863959336225975
1990,"3Ps","Haddock",0.988175300772684,-1.02144968670091
1991,"3Ps","Haddock",0.987716204188496,-1.06135377615478
1992,"3Ps","Haddock",0.982559895765889,-1.51081188381077
1993,"3Ps","Haddock",0.984574677310747,-1.33491000638982
1994,"3Ps","Haddock",0.988483082022531,-0.994708112218542
1995,"3Ps","Haddock",0.996266256048521,-0.321220314433999
1996,"3Ps","Haddock",0.995755267282146,-0.365275168375792
1997,"3Ps","Haddock",0.996958231618073,-0.261597702811792
1998,"3Ps","Haddock",0.99863893490385,-0.116955607889563
1999,"3Ps","Haddock",1.00705567598584,0.603750394895239
2000,"3Ps","Haddock",1.00263517065624,0.225987067963
2001,"3Ps","Haddock",0.998655273013686,-0.115550737694285
2002,"3Ps","Haddock",1.00019246261604,0.0165253638226322
2003,"3Ps","Haddock",0.999225371545783,-0.0665438835397936
2004,"3Ps","Haddock",1.00337208925673,0.289077495122585
2005,"3Ps","Haddock",1.00330160583352,0.283045143322646
2006,"3Ps","Haddock",1.00627344994035,0.53702457052466
2007,"3Ps","Haddock",1.00635543288264,0.544020351919706
2008,"3Ps","Haddock",0.99724882167782,-0.236571962165706
2009,"3Ps","Haddock",0.99883459858242,-0.100132523941725
2010,"3Ps","Haddock",1.00739260230437,0.632475078224318
2011,"3Ps","Haddock",1.00696966871582,0.596416297690754
2012,"3Ps","Haddock",0.999651350679848,-0.0299440801363812
2013,"3Ps","Haddock",1.00047950302379,0.0411655272922941
2014,"3Ps","Haddock",1.00256349856243,0.219848471078871
2015,"3Ps","Haddock",1.00310410794552,0.266139950400069
2016,"3Ps","Haddock",1.00577553309294,0.49452400481321
2017,"3Ps","Haddock",1.0048366914079,0.414330257608858
2018,"3Ps","Haddock",1.00216444930739,0.185662533498628
2019,"3Ps","Haddock",0.999505701496699,-0.0424563923008488
2020,"3Ps","Haddock",0.999887605392385,-0.00965197786431366
1972,"3Ps","Redfish spp.",1.01124487261852,0.155967363032949
1973,"3Ps","Redfish spp.",1.00718379070402,0.0998407875725729
1974,"3Ps","Redfish spp.",1.03866384289774,0.529116236403699
1975,"3Ps","Redfish spp.",1.02723556196516,0.374798522360294
1976,"3Ps","Redfish spp.",1.01445996695329,0.200242257348969
1977,"3Ps","Redfish spp.",0.988319593035354,-0.163876391505843
1978,"3Ps","Redfish spp.",0.974686176253397,-0.357621047596033
1979,"3Ps","Redfish spp.",0.984641508171755,-0.215881180635289
1980,"3Ps","Redfish spp.",0.985411070903345,-0.204984208349789
1981,"3Ps","Redfish spp.",0.968507199970301,-0.446324716785489
1982,"3Ps","Redfish spp.",0.980279323414445,-0.277810930576446
1983,"3Ps","Redfish spp.",1.02628555164209,0.361893201788692
1984,"3Ps","Redfish spp.",1.09304510796427,1.24091175611864
1985,"3Ps","Redfish spp.",1.13710792185003,1.79214283899
1986,"3Ps","Redfish spp.",1.12192761807005,1.60468502415929
1987,"3Ps","Redfish spp.",1.04626225503901,0.630781763668794
1988,"3Ps","Redfish spp.",1.01790496625708,0.247527701808253
1989,"3Ps","Redfish spp.",0.928518747313649,-1.03444381233917
1990,"3Ps","Redfish spp.",0.912308795085904,-1.28009534103072
1991,"3Ps","Redfish spp.",0.906986216474377,-1.36170842870465
1992,"3Ps","Redfish spp.",0.86780228756352,-1.97769545635438
1993,"3Ps","Redfish spp.",0.882086336196083,-1.7499812253791
1994,"3Ps","Redfish spp.",0.909820941161472,-1.31818310395238
1995,"3Ps","Redfish spp.",0.967957944698914,-0.45423704283048
1996,"3Ps","Redfish spp.",0.961387136669407,-0.54924285175869
1997,"3Ps","Redfish spp.",0.969075398536807,-0.438144222703661
1998,"3Ps","Redfish spp.",0.980743237043083,-0.271211686924571
1999,"3Ps","Redfish spp.",1.04980465159019,0.677926375319269
2000,"3Ps","Redfish spp.",1.01466065358564,0.203001247793825
2001,"3Ps","Redfish spp.",0.984982871221303,-0.211046445166067
2002,"3Ps","Redfish spp.",0.998532333575676,-0.0204859388567959
2003,"3Ps","Redfish spp.",0.992222352660819,-0.108906113299229
2004,"3Ps","Redfish spp.",1.02543374815906,0.350311800582654
2005,"3Ps","Redfish spp.",1.02709327857535,0.372866447921139
2006,"3Ps","Redfish spp.",1.05425158523972,0.736884487200557
2007,"3Ps","Redfish spp.",1.05610605042108,0.761397819323722
2008,"3Ps","Redfish spp.",0.980746575463139,-0.271164208692605
2009,"3Ps","Redfish spp.",0.990971583540998,-0.126499588621318
2010,"3Ps","Redfish spp.",1.05855158115946,0.793658451203369
2011,"3Ps","Redfish spp.",1.0551375461284,0.748600976107658
2012,"3Ps","Redfish spp.",0.996769218833775,-0.0451356459666857
2013,"3Ps","Redfish spp.",1.00077574226015,0.0108158006407995
2014,"3Ps","Redfish spp.",1.01735338887045,0.239967619370963
2015,"3Ps","Redfish spp.",1.02145355570615,0.296067976224877
2016,"3Ps","Redfish spp.",1.04283507843174,0.585018413117059
2017,"3Ps","Redfish spp.",1.03758514938914,0.514623236689125
2018,"3Ps","Redfish spp.",1.0190510369754,0.263222994818173
2019,"3Ps","Redfish spp.",0.99896642745409,-0.0144236480755013
2020,"3Ps","Redfish spp.",0.999764935156747,-0.00327905232648219
1972,"3Ps","Skate spp.",1.01415474248105,0.159087163690969
1973,"3Ps","Skate spp.",1.00590679409154,0.0666593673704298
1974,"3Ps","Skate spp.",1.03549846309537,0.394822284268915
1975,"3Ps","Skate spp.",1.0131859711377,0.148269999429754
1976,"3Ps","Skate spp.",0.997876695092043,-0.0240581759133838
1977,"3Ps","Skate spp.",0.968779154703582,-0.359006997442582
1978,"3Ps","Skate spp.",0.952104332927538,-0.555519387066966
1979,"3Ps","Skate spp.",0.967858493771054,-0.369768433435829
1980,"3Ps","Skate spp.",0.968531230442198,-0.361903931928862
1981,"3Ps","Skate spp.",0.951733730885276,-0.559925916326032
1982,"3Ps","Skate spp.",0.973864237328863,-0.299752029068933
1983,"3Ps","Skate spp.",1.03051792766126,0.34025127791023
1984,"3Ps","Skate spp.",1.09141780258742,0.990115024580507
1985,"3Ps","Skate spp.",1.1487646938359,1.56973083642165
1986,"3Ps","Skate spp.",1.12724465412219,1.35568793988392
1987,"3Ps","Skate spp.",1.03288403880296,0.366209224874906
1988,"3Ps","Skate spp.",1.00277322992071,0.0313453574660896
1989,"3Ps","Skate spp.",0.918779869300509,-0.95877558055995
1990,"3Ps","Skate spp.",0.89957067113984,-1.19792351446985
1991,"3Ps","Skate spp.",0.891476112115828,-1.30023115550847
1992,"3Ps","Skate spp.",0.835359877117069,-2.03611493367292
1993,"3Ps","Skate spp.",0.842288737729231,-1.94262127798453
1994,"3Ps","Skate spp.",0.884434596338543,-1.38998770663822
1995,"3Ps","Skate spp.",0.967717596434535,-0.371416259566237
1996,"3Ps","Skate spp.",0.970871853738865,-0.334583818244014
1997,"3Ps","Skate spp.",0.987491296045001,-0.142472702737185
1998,"3Ps","Skate spp.",1.01463357270451,0.164429899237386
1999,"3Ps","Skate spp.",1.07212841016771,0.788286414299004
2000,"3Ps","Skate spp.",1.01262313508037,0.141980700252879
2001,"3Ps","Skate spp.",0.98634068048406,-0.155668601100858
2002,"3Ps","Skate spp.",1.01438135200594,0.161615962465227
2003,"3Ps","Skate spp.",1.03001230613157,0.334696516296677
2004,"3Ps","Skate spp.",1.06508700700163,0.713704876445008
2005,"3Ps","Skate spp.",1.0538853830198,0.594036723544067
2006,"3Ps","Skate spp.",1.07244913011294,0.791671760348913
2007,"3Ps","Skate spp.",1.07094516378896,0.775787940129309
2008,"3Ps","Skate spp.",0.987460581816058,-0.142824750792112
2009,"3Ps","Skate spp.",0.994487660330356,-0.0625640094424729
2010,"3Ps","Skate spp.",1.0739094189844,0.807072990821775
2011,"3Ps","Skate spp.",1.06679920411236,0.731885496152024
2012,"3Ps","Skate spp.",0.989455426490519,-0.119982449015769
2013,"3Ps","Skate spp.",1.00425101330378,0.0480131117247902
2014,"3Ps","Skate spp.",1.03589082578205,0.399110186047961
2015,"3Ps","Skate spp.",1.03826225671735,0.424991642600754
2016,"3Ps","Skate spp.",1.06533640935555,0.716354922814347
2017,"3Ps","Skate spp.",1.06243320148876,0.68546814176216
2018,"3Ps","Skate spp.",1.03109543455067,0.346592439355777
2019,"3Ps","Skate spp.",0.994451209749217,-0.0629788697370839
2020,"3Ps","Skate spp.",0.998735832612266,-0.0143175296741477
1972,"3Ps","White Hake",1.02412437727507,0.127155644048014
1973,"3Ps","White Hake",1.02554094347797,0.134528744529751
1974,"3Ps","White Hake",1.14419903619132,0.718537488125609
1975,"3Ps","White Hake",1.11012169346865,0.557257953673824
1976,"3Ps","White Hake",1.07140064593344,0.367880092309517
1977,"3Ps","White Hake",0.991124746342185,-0.0475533745199299
1978,"3Ps","White Hake",0.938450999728869,-0.338850668884756
1979,"3Ps","White Hake",0.956087593182511,-0.239534501007439
1980,"3Ps","White Hake",0.950288288152126,-0.271988253347276
1981,"3Ps","White Hake",0.924051756822481,-0.421330459033941
1982,"3Ps","White Hake",0.944584333192053,-0.304102189464806
1983,"3Ps","White Hake",1.06564079909453,0.339126295291822
1984,"3Ps","White Hake",1.31111625970429,1.44491171305444
1985,"3Ps","White Hake",1.45136167875829,1.98698693853054
1986,"3Ps","White Hake",1.38679565102437,1.74424841866594
1987,"3Ps","White Hake",1.10287390224359,0.522317958661849
1988,"3Ps","White Hake",1.00728045315514,0.0386944271342591
1989,"3Ps","White Hake",0.768349169145427,-1.40561025513956
1990,"3Ps","White Hake",0.757695089893804,-1.48009237184831
1991,"3Ps","White Hake",0.75780294877253,-1.47933310107329
1992,"3Ps","White Hake",0.698777590352064,-1.91188495994386
1993,"3Ps","White Hake",0.745539498354772,-1.56636141178889
1994,"3Ps","White Hake",0.790675972753553,-1.25281872278766
1995,"3Ps","White Hake",0.919893655391866,-0.445387594607741
1996,"3Ps","White Hake",0.910294005676798,-0.501345301169094
1997,"3Ps","White Hake",0.933868770939445,-0.364959881450708
1998,"3Ps","White Hake",0.925938008927687,-0.41045301837508
1999,"3Ps","White Hake",1.17949832515154,0.880612463160995
2000,"3Ps","White Hake",1.08515207364987,0.435908414166935
2001,"3Ps","White Hake",0.968566077778327,-0.170365500391089
2002,"3Ps","White Hake",0.976845735266093,-0.124960926385022
2003,"3Ps","White Hake",0.91205647544337,-0.491027525858209
2004,"3Ps","White Hake",1.0096574816867,0.0512674070541982
2005,"3Ps","White Hake",1.01904010165699,0.100608193959574
2006,"3Ps","White Hake",1.10656063541043,0.540119480487333
2007,"3Ps","White Hake",1.10417714366108,0.528617496759265
2008,"3Ps","White Hake",0.890419968732859,-0.619093738766892
2009,"3Ps","White Hake",0.938602328531608,-0.33799058433495
2010,"3Ps","White Hake",1.16381385904755,0.809205225090278
2011,"3Ps","White Hake",1.16341327298269,0.807368884513001
2012,"3Ps","White Hake",0.9901852807864,-0.0526119078704381
2013,"3Ps","White Hake",1.01348158536642,0.0714325172573582
2014,"3Ps","White Hake",1.05268993944553,0.273902449834693
2015,"3Ps","White Hake",1.08583620144873,0.439270245610849
2016,"3Ps","White Hake",1.1592362175644,0.788182939724844
2017,"3Ps","White Hake",1.099256115345,0.504791403014296
2018,"3Ps","White Hake",1.02084182256607,0.110030967689917
2019,"3Ps","White Hake",0.974129030683749,-0.139816424013373
2020,"3Ps","White Hake",0.994058830519952,-0.0317856736410408
1972,"3Ps","Witch Flounder",1.00459676618915,0.122040167177381
1973,"3Ps","Witch Flounder",1.00340228174204,0.0903814223923077
1974,"3Ps","Witch Flounder",1.01798539128937,0.474340291557363
1975,"3Ps","Witch Flounder",1.01005885497914,0.26632997122527
1976,"3Ps","Witch Flounder",1.00404119958193,0.107320054920952
1977,"3Ps","Witch Flounder",0.992006537063833,-0.213561607494789
1978,"3Ps","Witch Flounder",0.984036682084065,-0.428212638432564
1979,"3Ps","Witch Flounder",0.989101934167394,-0.291590504172691
1980,"3Ps","Witch Flounder",0.988504168347333,-0.307677240450761
1981,"3Ps","Witch Flounder",0.9822578414096,-0.476359196341458
1982,"3Ps","Witch Flounder",0.988045738129935,-0.320020847948003
1983,"3Ps","Witch Flounder",1.01047780846986,0.27736505737616
1984,"3Ps","Witch Flounder",1.03779331247722,0.98714572790437
1985,"3Ps","Witch Flounder",1.05685271646123,1.47141543441146
1986,"3Ps","Witch Flounder",1.04870673346489,1.26551616685648
1987,"3Ps","Witch Flounder",1.01067587341081,0.282580424883294
1988,"3Ps","Witch Flounder",0.998717613423475,-0.0341463452504618
1989,"3Ps","Witch Flounder",0.961416778438625,-1.04703517282234
1990,"3Ps","Witch Flounder",0.956749879958006,-1.17652018938972
1991,"3Ps","Witch Flounder",0.956015468484473,-1.19695423802695
1992,"3Ps","Witch Flounder",0.934678999781503,-1.79756937080077
1993,"3Ps","Witch Flounder",0.938360812265914,-1.69295487635499
1994,"3Ps","Witch Flounder",0.953483135756863,-1.26753369635161
1995,"3Ps","Witch Flounder",0.986579145788143,-0.359548546688313
1996,"3Ps","Witch Flounder",0.988374229414341,-0.3111753707723
1997,"3Ps","Witch Flounder",0.993961387364007,-0.161175267226819
1998,"3Ps","Witch Flounder",0.997173438951108,-0.075321597444305
1999,"3Ps","Witch Flounder",1.02756468921571,0.723572050460329
2000,"3Ps","Witch Flounder",1.01174230411767,0.310643700763476
2001,"3Ps","Witch Flounder",0.998741766674401,-0.0335028071256337
2002,"3Ps","Witch Flounder",1.00589042044716,0.156284886934036
2003,"3Ps","Witch Flounder",1.00249587812967,0.0663328433072207
2004,"3Ps","Witch Flounder",1.0162254143719,0.428294730704747
2005,"3Ps","Witch Flounder",1.01369042006817,0.361832360366938
2006,"3Ps","Witch Flounder",1.02347095926935,0.617347915855486
2007,"3Ps","Witch Flounder",1.02271729722705,0.597745584847418
2008,"3Ps","Witch Flounder",0.988655403687397,-0.303606361297781
2009,"3Ps","Witch Flounder",0.995609833682903,-0.117079991562413
2010,"3Ps","Witch Flounder",1.02849561908106,0.747668762483296
2011,"3Ps","Witch Flounder",1.02883357095879,0.756411103103012
2012,"3Ps","Witch Flounder",1.00107432544023,0.0285725713397799
2013,"3Ps","Witch Flounder",1.00819506280374,0.21718280892788
2014,"3Ps","Witch Flounder",1.01812580966244,0.478010570637499
2015,"3Ps","Witch Flounder",1.02167276050284,0.570553867634236
2016,"3Ps","Witch Flounder",1.03146789827134,0.824459177923054
2017,"3Ps","Witch Flounder",1.02221527957214,0.584680367175107
2018,"3Ps","Witch Flounder",1.00489219555834,0.12986445268022
2019,"3Ps","Witch Flounder",0.993644614973582,-0.169657177419159
2020,"3Ps","Witch Flounder",0.99855161467449,-0.0385696295006877
